"Provider","claim_count","total_reimbursed","avg_claim_value","overall_avg_claim","review_flag"
PRV52537,1,57000,57000.0,1740.6793685691955,Review
PRV57080,1,57000,57000.0,1740.6793685691955,Review
PRV57399,1,57000,57000.0,1740.6793685691955,Review
PRV53033,2,75000,37500.0,1740.6793685691955,Review
PRV52804,1,36000,36000.0,1740.6793685691955,Review
PRV52696,3,96000,32000.0,1740.6793685691955,Review
PRV55067,1,29000,29000.0,1740.6793685691955,Review
PRV55431,2,58000,29000.0,1740.6793685691955,Review
PRV56903,2,57000,28500.0,1740.6793685691955,Review
PRV57290,2,55000,27500.0,1740.6793685691955,Review
PRV52458,1,27000,27000.0,1740.6793685691955,Review
PRV51232,1,26000,26000.0,1740.6793685691955,Review
PRV55133,2,50000,25000.0,1740.6793685691955,Review
PRV55131,2,47000,23500.0,1740.6793685691955,Review
PRV56286,1,23000,23000.0,1740.6793685691955,Review
PRV51805,3,67000,22333.333333333332,1740.6793685691955,Review
PRV53220,5,110000,22000.0,1740.6793685691955,Review
PRV52449,6,126000,21000.0,1740.6793685691955,Review
PRV54297,8,168000,21000.0,1740.6793685691955,Review
PRV55586,2,42000,21000.0,1740.6793685691955,Review
PRV55144,2,41000,20500.0,1740.6793685691955,Review
PRV55811,2,41000,20500.0,1740.6793685691955,Review
PRV52445,5,102000,20400.0,1740.6793685691955,Review
PRV56918,7,142000,20285.714285714286,1740.6793685691955,Review
PRV51136,1,20000,20000.0,1740.6793685691955,Review
PRV56896,3,60000,20000.0,1740.6793685691955,Review
PRV57082,5,100000,20000.0,1740.6793685691955,Review
PRV54876,3,58000,19333.333333333332,1740.6793685691955,Review
PRV51237,1,19000,19000.0,1740.6793685691955,Review
PRV55137,2,38000,19000.0,1740.6793685691955,Review
PRV56340,3,57000,19000.0,1740.6793685691955,Review
PRV55147,6,112200,18700.0,1740.6793685691955,Review
PRV54502,3,55000,18333.333333333332,1740.6793685691955,Review
PRV52286,5,90000,18000.0,1740.6793685691955,Review
PRV56341,1,18000,18000.0,1740.6793685691955,Review
PRV57145,4,70000,17500.0,1740.6793685691955,Review
PRV54637,13,226000,17384.615384615383,1740.6793685691955,Review
PRV53667,9,155000,17222.222222222223,1740.6793685691955,Review
PRV51207,3,51000,17000.0,1740.6793685691955,Review
PRV55124,9,152000,16888.88888888889,1740.6793685691955,Review
PRV57398,3,50600,16866.666666666668,1740.6793685691955,Review
PRV51919,6,101000,16833.333333333332,1740.6793685691955,Review
PRV51238,8,132000,16500.0,1740.6793685691955,Review
PRV53970,4,65200,16300.0,1740.6793685691955,Review
PRV56017,13,210060,16158.461538461539,1740.6793685691955,Review
PRV55382,8,129000,16125.0,1740.6793685691955,Review
PRV57094,3,48000,16000.0,1740.6793685691955,Review
PRV51100,5,78000,15600.0,1740.6793685691955,Review
PRV54204,4,62200,15550.0,1740.6793685691955,Review
PRV56548,8,124000,15500.0,1740.6793685691955,Review
PRV56395,7,107000,15285.714285714286,1740.6793685691955,Review
PRV57635,18,275000,15277.777777777777,1740.6793685691955,Review
PRV52815,26,390000,15000.0,1740.6793685691955,Review
PRV53509,1,15000,15000.0,1740.6793685691955,Review
PRV55387,6,90000,15000.0,1740.6793685691955,Review
PRV52176,21,312000,14857.142857142857,1740.6793685691955,Review
PRV57024,9,132700,14744.444444444445,1740.6793685691955,Review
PRV52278,16,235000,14687.5,1740.6793685691955,Review
PRV57096,11,160000,14545.454545454546,1740.6793685691955,Review
PRV55661,14,202000,14428.57142857143,1740.6793685691955,Review
PRV56121,16,229000,14312.5,1740.6793685691955,Review
PRV54680,18,257000,14277.777777777777,1740.6793685691955,Review
PRV56802,13,185000,14230.76923076923,1740.6793685691955,Review
PRV54720,9,127000,14111.111111111111,1740.6793685691955,Review
PRV51807,7,98000,14000.0,1740.6793685691955,Review
PRV51831,2,28000,14000.0,1740.6793685691955,Review
PRV52536,1,14000,14000.0,1740.6793685691955,Review
PRV53515,1,14000,14000.0,1740.6793685691955,Review
PRV53857,10,140000,14000.0,1740.6793685691955,Review
PRV55161,2,28000,14000.0,1740.6793685691955,Review
PRV56124,6,84000,14000.0,1740.6793685691955,Review
PRV53379,11,153000,13909.09090909091,1740.6793685691955,Review
PRV55128,8,111000,13875.0,1740.6793685691955,Review
PRV51821,10,138000,13800.0,1740.6793685691955,Review
PRV54202,10,137000,13700.0,1740.6793685691955,Review
PRV54638,6,82000,13666.666666666666,1740.6793685691955,Review
PRV54501,3,40000,13333.333333333334,1740.6793685691955,Review
PRV54200,13,173090,13314.615384615385,1740.6793685691955,Review
PRV51811,15,199000,13266.666666666666,1740.6793685691955,Review
PRV55658,15,196400,13093.333333333334,1740.6793685691955,Review
PRV51806,1,13000,13000.0,1740.6793685691955,Review
PRV52457,9,117000,13000.0,1740.6793685691955,Review
PRV54812,12,156000,13000.0,1740.6793685691955,Review
PRV54883,1,13000,13000.0,1740.6793685691955,Review
PRV52972,17,220000,12941.176470588236,1740.6793685691955,Review
PRV52446,10,129000,12900.0,1740.6793685691955,Review
PRV55791,10,129000,12900.0,1740.6793685691955,Review
PRV56912,7,90000,12857.142857142857,1740.6793685691955,Review
PRV51585,6,77080,12846.666666666666,1740.6793685691955,Review
PRV52282,6,77000,12833.333333333334,1740.6793685691955,Review
PRV55136,8,102000,12750.0,1740.6793685691955,Review
PRV53763,58,739000,12741.379310344828,1740.6793685691955,Review
PRV52810,6,76000,12666.666666666666,1740.6793685691955,Review
PRV54298,3,38000,12666.666666666666,1740.6793685691955,Review
PRV54461,12,152000,12666.666666666666,1740.6793685691955,Review
PRV56329,14,177000,12642.857142857143,1740.6793685691955,Review
PRV51826,21,265000,12619.047619047618,1740.6793685691955,Review
PRV57631,18,227000,12611.111111111111,1740.6793685691955,Review
PRV53114,29,364680,12575.172413793103,1740.6793685691955,Review
PRV57481,62,776000,12516.129032258064,1740.6793685691955,Review
PRV54052,6,75000,12500.0,1740.6793685691955,Review
PRV54500,2,25000,12500.0,1740.6793685691955,Review
PRV56123,40,498000,12450.0,1740.6793685691955,Review
PRV52266,37,460400,12443.243243243243,1740.6793685691955,Review
PRV56134,62,768000,12387.09677419355,1740.6793685691955,Review
PRV57295,14,173000,12357.142857142857,1740.6793685691955,Review
PRV57016,16,197600,12350.0,1740.6793685691955,Review
PRV51102,12,148000,12333.333333333334,1740.6793685691955,Review
PRV57629,10,122300,12230.0,1740.6793685691955,Review
PRV52292,25,303000,12120.0,1740.6793685691955,Review
PRV57049,22,266560,12116.363636363636,1740.6793685691955,Review
PRV51236,1,12000,12000.0,1740.6793685691955,Review
PRV52195,10,120000,12000.0,1740.6793685691955,Review
PRV54498,1,12000,12000.0,1740.6793685691955,Review
PRV54820,1,12000,12000.0,1740.6793685691955,Review
PRV55160,10,120000,12000.0,1740.6793685691955,Review
PRV55706,1,12000,12000.0,1740.6793685691955,Review
PRV55793,6,72000,12000.0,1740.6793685691955,Review
PRV55810,1,12000,12000.0,1740.6793685691955,Review
PRV56288,2,24000,12000.0,1740.6793685691955,Review
PRV55456,6,71300,11883.333333333334,1740.6793685691955,Review
PRV53461,36,425080,11807.777777777777,1740.6793685691955,Review
PRV52978,5,59000,11800.0,1740.6793685691955,Review
PRV51248,2,23500,11750.0,1740.6793685691955,Review
PRV55668,4,47000,11750.0,1740.6793685691955,Review
PRV53591,6,70000,11666.666666666666,1740.6793685691955,Review
PRV56914,6,70000,11666.666666666666,1740.6793685691955,Review
PRV52173,119,1381400,11608.403361344537,1740.6793685691955,Review
PRV51121,7,81080,11582.857142857143,1740.6793685691955,Review
PRV57017,23,266100,11569.565217391304,1740.6793685691955,Review
PRV57023,15,173000,11533.333333333334,1740.6793685691955,Review
PRV57091,4,46000,11500.0,1740.6793685691955,Review
PRV57403,15,172000,11466.666666666666,1740.6793685691955,Review
PRV57146,9,103000,11444.444444444445,1740.6793685691955,Review
PRV54675,37,422000,11405.405405405405,1740.6793685691955,Review
PRV52197,10,114000,11400.0,1740.6793685691955,Review
PRV51119,95,1080580,11374.526315789473,1740.6793685691955,Review
PRV55659,20,227000,11350.0,1740.6793685691955,Review
PRV52979,6,68000,11333.333333333334,1740.6793685691955,Review
PRV53336,3,34000,11333.333333333334,1740.6793685691955,Review
PRV51523,65,733810,11289.384615384615,1740.6793685691955,Review
PRV55430,7,79000,11285.714285714286,1740.6793685691955,Review
PRV56336,21,237000,11285.714285714286,1740.6793685691955,Review
PRV57081,37,414000,11189.18918918919,1740.6793685691955,Review
PRV56129,23,256000,11130.434782608696,1740.6793685691955,Review
PRV55472,23,255090,11090.869565217392,1740.6793685691955,Review
PRV51813,10,110000,11000.0,1740.6793685691955,Review
PRV54499,1,11000,11000.0,1740.6793685691955,Review
PRV55134,1,11000,11000.0,1740.6793685691955,Review
PRV55887,6,66000,11000.0,1740.6793685691955,Review
PRV56119,11,120000,10909.09090909091,1740.6793685691955,Review
PRV55670,9,98000,10888.888888888889,1740.6793685691955,Review
PRV56541,54,584000,10814.814814814816,1740.6793685691955,Review
PRV55132,10,108000,10800.0,1740.6793685691955,Review
PRV57073,10,108000,10800.0,1740.6793685691955,Review
PRV56057,9,97000,10777.777777777777,1740.6793685691955,Review
PRV56285,13,140000,10769.23076923077,1740.6793685691955,Review
PRV57489,17,182000,10705.882352941177,1740.6793685691955,Review
PRV52466,13,139000,10692.307692307691,1740.6793685691955,Review
PRV51927,6,64050,10675.0,1740.6793685691955,Review
PRV53236,9,96000,10666.666666666666,1740.6793685691955,Review
PRV56673,4,42640,10660.0,1740.6793685691955,Review
PRV55375,14,147900,10564.285714285714,1740.6793685691955,Review
PRV51979,13,136000,10461.538461538461,1740.6793685691955,Review
PRV54718,29,302000,10413.793103448275,1740.6793685691955,Review
PRV56342,5,52000,10400.0,1740.6793685691955,Review
PRV57251,15,156000,10400.0,1740.6793685691955,Review
PRV57285,8,83000,10375.0,1740.6793685691955,Review
PRV56895,14,145000,10357.142857142857,1740.6793685691955,Review
PRV56916,11,113700,10336.363636363636,1740.6793685691955,Review
PRV56007,81,836930,10332.469135802468,1740.6793685691955,Review
PRV57141,17,175530,10325.29411764706,1740.6793685691955,Review
PRV55916,127,1311040,10323.149606299212,1740.6793685691955,Review
PRV55830,10,103120,10312.0,1740.6793685691955,Review
PRV55444,128,1313260,10259.84375,1740.6793685691955,Review
PRV54060,16,164000,10250.0,1740.6793685691955,Review
PRV55664,20,205000,10250.0,1740.6793685691955,Review
PRV55483,76,778040,10237.368421052632,1740.6793685691955,Review
PRV55145,14,143000,10214.285714285714,1740.6793685691955,Review
PRV54497,5,51000,10200.0,1740.6793685691955,Review
PRV55374,33,335000,10151.515151515152,1740.6793685691955,Review
PRV52178,136,1379590,10144.04411764706,1740.6793685691955,Review
PRV52459,50,505900,10118.0,1740.6793685691955,Review
PRV55193,44,444380,10099.545454545454,1740.6793685691955,Review
PRV51828,11,111000,10090.90909090909,1740.6793685691955,Review
PRV57018,33,332690,10081.515151515152,1740.6793685691955,Review
PRV55667,38,382180,10057.368421052632,1740.6793685691955,Review
PRV53865,6,60000,10000.0,1740.6793685691955,Review
PRV54789,3,30000,10000.0,1740.6793685691955,Review
PRV54824,10,100000,10000.0,1740.6793685691955,Review
PRV55143,1,10000,10000.0,1740.6793685691955,Review
PRV55151,1,10000,10000.0,1740.6793685691955,Review
PRV55606,4,40000,10000.0,1740.6793685691955,Review
PRV56202,1,10000,10000.0,1740.6793685691955,Review
PRV57098,49,490000,10000.0,1740.6793685691955,Review
PRV52281,41,408000,9951.219512195123,1740.6793685691955,Review
PRV57757,11,109000,9909.09090909091,1740.6793685691955,Review
PRV56519,7,69000,9857.142857142857,1740.6793685691955,Review
PRV57021,14,137000,9785.714285714286,1740.6793685691955,Review
PRV56338,10,97400,9740.0,1740.6793685691955,Review
PRV51816,7,68000,9714.285714285714,1740.6793685691955,Review
PRV53135,7,68000,9714.285714285714,1740.6793685691955,Review
PRV51629,22,213000,9681.818181818182,1740.6793685691955,Review
PRV51810,3,29000,9666.666666666666,1740.6793685691955,Review
PRV57077,3,29000,9666.666666666666,1740.6793685691955,Review
PRV54081,14,135200,9657.142857142857,1740.6793685691955,Review
PRV52280,41,395000,9634.146341463415,1740.6793685691955,Review
PRV55790,5,48000,9600.0,1740.6793685691955,Review
PRV56133,15,144000,9600.0,1740.6793685691955,Review
PRV57490,21,201200,9580.952380952382,1740.6793685691955,Review
PRV54059,18,172000,9555.555555555555,1740.6793685691955,Review
PRV56900,2,19000,9500.0,1740.6793685691955,Review
PRV55812,17,161000,9470.588235294117,1740.6793685691955,Review
PRV54325,15,142000,9466.666666666666,1740.6793685691955,Review
PRV55140,9,85000,9444.444444444445,1740.6793685691955,Review
PRV52279,83,783300,9437.349397590362,1740.6793685691955,Review
PRV55378,14,132000,9428.57142857143,1740.6793685691955,Review
PRV54460,5,47000,9400.0,1740.6793685691955,Review
PRV56131,15,141000,9400.0,1740.6793685691955,Review
PRV54056,21,197000,9380.952380952382,1740.6793685691955,Review
PRV54676,40,375200,9380.0,1740.6793685691955,Review
PRV57567,12,112290,9357.5,1740.6793685691955,Review
PRV55130,3,28000,9333.333333333334,1740.6793685691955,Review
PRV57487,15,140000,9333.333333333334,1740.6793685691955,Review
PRV56260,59,550510,9330.677966101695,1740.6793685691955,Review
PRV51590,84,781380,9302.142857142857,1740.6793685691955,Review
PRV55509,39,362510,9295.128205128205,1740.6793685691955,Review
PRV57397,7,65000,9285.714285714286,1740.6793685691955,Review
PRV55048,94,866240,9215.31914893617,1740.6793685691955,Review
PRV52627,5,46070,9214.0,1740.6793685691955,Review
PRV51818,29,267000,9206.896551724138,1740.6793685691955,Review
PRV54818,5,46000,9200.0,1740.6793685691955,Review
PRV56870,13,119000,9153.846153846154,1740.6793685691955,Review
PRV51170,16,145820,9113.75,1740.6793685691955,Review
PRV51586,8,72510,9063.75,1740.6793685691955,Review
PRV55149,16,145000,9062.5,1740.6793685691955,Review
PRV53095,4,36100,9025.0,1740.6793685691955,Review
PRV52283,66,594700,9010.60606060606,1740.6793685691955,Review
PRV51233,3,27000,9000.0,1740.6793685691955,Review
PRV53061,1,9000,9000.0,1740.6793685691955,Review
PRV53513,2,18000,9000.0,1740.6793685691955,Review
PRV54674,3,27000,9000.0,1740.6793685691955,Review
PRV55379,4,36000,9000.0,1740.6793685691955,Review
PRV55665,1,9000,9000.0,1740.6793685691955,Review
PRV56120,4,36000,9000.0,1740.6793685691955,Review
PRV56339,1,9000,9000.0,1740.6793685691955,Review
PRV55443,38,341390,8983.947368421053,1740.6793685691955,Review
PRV51809,27,242020,8963.703703703704,1740.6793685691955,Review
PRV55506,14,124940,8924.285714285714,1740.6793685691955,Review
PRV51471,180,1602210,8901.166666666666,1740.6793685691955,Review
PRV51501,233,2071310,8889.742489270386,1740.6793685691955,Review
PRV56546,9,80000,8888.888888888889,1740.6793685691955,Review
PRV55817,25,222000,8880.0,1740.6793685691955,Review
PRV51126,20,177000,8850.0,1740.6793685691955,Review
PRV56819,25,220900,8836.0,1740.6793685691955,Review
PRV57020,6,53000,8833.333333333334,1740.6793685691955,Review
PRV57086,6,53000,8833.333333333334,1740.6793685691955,Review
PRV53668,16,141200,8825.0,1740.6793685691955,Review
PRV52846,241,2117010,8784.273858921162,1740.6793685691955,Review
PRV53598,8,70000,8750.0,1740.6793685691955,Review
PRV55383,8,70000,8750.0,1740.6793685691955,Review
PRV55385,8,70000,8750.0,1740.6793685691955,Review
PRV57144,8,70000,8750.0,1740.6793685691955,Review
PRV53397,14,122270,8733.57142857143,1740.6793685691955,Review
PRV51976,7,61000,8714.285714285714,1740.6793685691955,Review
PRV52933,8,69390,8673.75,1740.6793685691955,Review
PRV52265,30,260000,8666.666666666666,1740.6793685691955,Review
PRV56335,18,156000,8666.666666666666,1740.6793685691955,Review
PRV57699,3,26000,8666.666666666666,1740.6793685691955,Review
PRV55121,20,173070,8653.5,1740.6793685691955,Review
PRV54875,20,172000,8600.0,1740.6793685691955,Review
PRV54981,95,816730,8597.157894736842,1740.6793685691955,Review
PRV55051,7,60000,8571.42857142857,1740.6793685691955,Review
PRV56547,7,60000,8571.42857142857,1740.6793685691955,Review
PRV54055,25,214000,8560.0,1740.6793685691955,Review
PRV54848,28,239270,8545.357142857143,1740.6793685691955,Review
PRV56668,73,623470,8540.684931506848,1740.6793685691955,Review
PRV51542,113,964660,8536.814159292035,1740.6793685691955,Review
PRV56624,22,187460,8520.90909090909,1740.6793685691955,Review
PRV51118,16,136000,8500.0,1740.6793685691955,Review
PRV52807,2,17000,8500.0,1740.6793685691955,Review
PRV53517,2,17000,8500.0,1740.6793685691955,Review
PRV53604,6,51000,8500.0,1740.6793685691955,Review
PRV54555,6,51000,8500.0,1740.6793685691955,Review
PRV54822,16,136000,8500.0,1740.6793685691955,Review
PRV53225,49,415300,8475.510204081633,1740.6793685691955,Review
PRV54639,13,110000,8461.538461538461,1740.6793685691955,Review
PRV57074,7,59000,8428.57142857143,1740.6793685691955,Review
PRV52910,18,151600,8422.222222222223,1740.6793685691955,Review
PRV57085,5,42000,8400.0,1740.6793685691955,Review
PRV54841,6,50250,8375.0,1740.6793685691955,Review
PRV57400,8,67000,8375.0,1740.6793685691955,Review
PRV54765,239,2000500,8370.292887029289,1740.6793685691955,Review
PRV52813,17,142000,8352.941176470587,1740.6793685691955,Review
PRV53862,6,50100,8350.0,1740.6793685691955,Review
PRV55135,3,25000,8333.333333333334,1740.6793685691955,Review
PRV55138,3,25000,8333.333333333334,1740.6793685691955,Review
PRV57293,12,100000,8333.333333333334,1740.6793685691955,Review
PRV55662,28,233000,8321.42857142857,1740.6793685691955,Review
PRV55905,95,789760,8313.263157894737,1740.6793685691955,Review
PRV54324,32,266000,8312.5,1740.6793685691955,Review
PRV52582,23,191020,8305.217391304348,1740.6793685691955,Review
PRV56118,14,116000,8285.714285714286,1740.6793685691955,Review
PRV55435,151,1250050,8278.476821192053,1740.6793685691955,Review
PRV52651,4,33090,8272.5,1740.6793685691955,Review
PRV56105,32,264570,8267.8125,1740.6793685691955,Review
PRV55660,4,33000,8250.0,1740.6793685691955,Review
PRV51560,238,1956190,8219.285714285714,1740.6793685691955,Review
PRV55018,75,615940,8212.533333333333,1740.6793685691955,Review
PRV51108,19,156000,8210.526315789473,1740.6793685691955,Review
PRV52541,5,41000,8200.0,1740.6793685691955,Review
PRV56058,11,90000,8181.818181818182,1740.6793685691955,Review
PRV53377,7,57000,8142.857142857143,1740.6793685691955,Review
PRV54903,7,57000,8142.857142857143,1740.6793685691955,Review
PRV57401,8,65000,8125.0,1740.6793685691955,Review
PRV54058,35,284000,8114.285714285715,1740.6793685691955,Review
PRV54577,61,494010,8098.524590163935,1740.6793685691955,Review
PRV55678,16,129290,8080.625,1740.6793685691955,Review
PRV57638,9,72400,8044.444444444444,1740.6793685691955,Review
PRV56390,5,40220,8044.0,1740.6793685691955,Review
PRV51053,1,8000,8000.0,1740.6793685691955,Review
PRV51231,2,16000,8000.0,1740.6793685691955,Review
PRV51977,1,8000,8000.0,1740.6793685691955,Review
PRV52012,1,8000,8000.0,1740.6793685691955,Review
PRV52462,2,16000,8000.0,1740.6793685691955,Review
PRV52806,2,16000,8000.0,1740.6793685691955,Review
PRV54503,1,8000,8000.0,1740.6793685691955,Review
PRV54898,9,72000,8000.0,1740.6793685691955,Review
PRV55671,2,16000,8000.0,1740.6793685691955,Review
PRV57075,2,16000,8000.0,1740.6793685691955,Review
PRV52831,31,247920,7997.419354838709,1740.6793685691955,Review
PRV51145,202,1606350,7952.227722772277,1740.6793685691955,Review
PRV53712,237,1882420,7942.700421940928,1740.6793685691955,Review
PRV51940,251,1992270,7937.330677290836,1740.6793685691955,Review
PRV53226,19,150000,7894.736842105263,1740.6793685691955,Review
PRV52267,10,78900,7890.0,1740.6793685691955,Review
PRV57555,42,330780,7875.714285714285,1740.6793685691955,Review
PRV52903,200,1568110,7840.55,1740.6793685691955,Review
PRV55152,10,78300,7830.0,1740.6793685691955,Review
PRV55550,58,453200,7813.793103448276,1740.6793685691955,Review
PRV52553,8,62320,7790.0,1740.6793685691955,Review
PRV57084,8,62040,7755.0,1740.6793685691955,Review
PRV53421,129,999910,7751.240310077519,1740.6793685691955,Review
PRV51978,4,31000,7750.0,1740.6793685691955,Review
PRV56897,8,62000,7750.0,1740.6793685691955,Review
PRV57087,4,31000,7750.0,1740.6793685691955,Review
PRV57633,4,31000,7750.0,1740.6793685691955,Review
PRV53021,28,216950,7748.214285714285,1740.6793685691955,Review
PRV56915,4,30900,7725.0,1740.6793685691955,Review
PRV52294,7,54000,7714.285714285715,1740.6793685691955,Review
PRV53697,114,879270,7712.894736842105,1740.6793685691955,Review
PRV51456,135,1038990,7696.222222222223,1740.6793685691955,Review
PRV57414,28,215460,7695.0,1740.6793685691955,Review
PRV57697,66,507650,7691.666666666667,1740.6793685691955,Review
PRV54894,229,1757060,7672.751091703057,1740.6793685691955,Review
PRV51160,114,872020,7649.298245614035,1740.6793685691955,Review
PRV55604,17,130000,7647.058823529412,1740.6793685691955,Review
PRV51868,144,1099710,7636.875,1740.6793685691955,Review
PRV52100,201,1533150,7627.611940298508,1740.6793685691955,Review
PRV54001,8,61000,7625.0,1740.6793685691955,Review
PRV54929,26,197630,7601.153846153846,1740.6793685691955,Review
PRV54051,5,38000,7600.0,1740.6793685691955,Review
PRV52285,19,144000,7578.9473684210525,1740.6793685691955,Review
PRV51149,148,1120680,7572.1621621621625,1740.6793685691955,Review
PRV55155,9,68000,7555.555555555556,1740.6793685691955,Review
PRV54881,39,294510,7551.538461538462,1740.6793685691955,Review
PRV56001,70,528570,7551.0,1740.6793685691955,Review
PRV51378,161,1215370,7548.88198757764,1740.6793685691955,Review
PRV51334,2,15000,7500.0,1740.6793685691955,Review
PRV55603,2,15000,7500.0,1740.6793685691955,Review
PRV57072,4,30000,7500.0,1740.6793685691955,Review
PRV57078,10,75000,7500.0,1740.6793685691955,Review
PRV56910,5,37260,7452.0,1740.6793685691955,Review
PRV56906,7,52100,7442.857142857143,1740.6793685691955,Review
PRV57406,68,505460,7433.235294117647,1740.6793685691955,Review
PRV51120,7,52000,7428.571428571428,1740.6793685691955,Review
PRV56012,44,325870,7406.136363636364,1740.6793685691955,Review
PRV53378,10,74000,7400.0,1740.6793685691955,Review
PRV57326,5,37000,7400.0,1740.6793685691955,Review
PRV53233,13,96000,7384.615384615385,1740.6793685691955,Review
PRV53599,3,22000,7333.333333333333,1740.6793685691955,Review
PRV55849,176,1283730,7293.920454545455,1740.6793685691955,Review
PRV55531,122,886130,7263.360655737705,1740.6793685691955,Review
PRV52925,4,29000,7250.0,1740.6793685691955,Review
PRV52976,4,29000,7250.0,1740.6793685691955,Review
PRV57634,8,58000,7250.0,1740.6793685691955,Review
PRV51259,21,151960,7236.190476190476,1740.6793685691955,Review
PRV51827,18,130000,7222.222222222223,1740.6793685691955,Review
PRV54205,9,65000,7222.222222222223,1740.6793685691955,Review
PRV52578,49,353050,7205.102040816327,1740.6793685691955,Review
PRV51829,5,36000,7200.0,1740.6793685691955,Review
PRV51610,6,43150,7191.666666666667,1740.6793685691955,Review
PRV53867,13,93270,7174.615384615385,1740.6793685691955,Review
PRV56555,69,494800,7171.014492753623,1740.6793685691955,Review
PRV57357,16,114700,7168.75,1740.6793685691955,Review
PRV56686,20,143000,7150.0,1740.6793685691955,Review
PRV55540,31,221040,7130.322580645161,1740.6793685691955,Review
PRV51710,17,121080,7122.35294117647,1740.6793685691955,Review
PRV51258,14,99660,7118.571428571428,1740.6793685691955,Review
PRV56761,117,832220,7112.991452991453,1740.6793685691955,Review
PRV52291,18,128000,7111.111111111111,1740.6793685691955,Review
PRV56669,40,283610,7090.25,1740.6793685691955,Review
PRV54077,76,537320,7070.0,1740.6793685691955,Review
PRV54576,16,113100,7068.75,1740.6793685691955,Review
PRV56130,17,120000,7058.823529411765,1740.6793685691955,Review
PRV53855,20,141000,7050.0,1740.6793685691955,Review
PRV56647,183,1288910,7043.224043715847,1740.6793685691955,Review
PRV57284,23,161570,7024.782608695652,1740.6793685691955,Review
PRV55912,107,750080,7010.093457943925,1740.6793685691955,Review
PRV51316,3,21000,7000.0,1740.6793685691955,Review
PRV54679,1,7000,7000.0,1740.6793685691955,Review
PRV54817,1,7000,7000.0,1740.6793685691955,Review
PRV55148,1,7000,7000.0,1740.6793685691955,Review
PRV55428,1,7000,7000.0,1740.6793685691955,Review
PRV55792,1,7000,7000.0,1740.6793685691955,Review
PRV56545,1,7000,7000.0,1740.6793685691955,Review
PRV56549,2,14000,7000.0,1740.6793685691955,Review
PRV56904,4,28000,7000.0,1740.6793685691955,Review
PRV57089,3,21000,7000.0,1740.6793685691955,Review
PRV57097,3,21000,7000.0,1740.6793685691955,Review
PRV56808,62,433610,6993.709677419355,1740.6793685691955,Review
PRV54724,71,495650,6980.985915492958,1740.6793685691955,Review
PRV51497,15,104190,6946.0,1740.6793685691955,Review
PRV52135,263,1825550,6941.254752851711,1740.6793685691955,Review
PRV56550,80,554890,6936.125,1740.6793685691955,Review
PRV52460,13,90000,6923.076923076923,1740.6793685691955,Review
PRV51490,64,442070,6907.34375,1740.6793685691955,Review
PRV53107,15,103390,6892.666666666667,1740.6793685691955,Review
PRV53507,9,62000,6888.888888888889,1740.6793685691955,Review
PRV52461,7,48000,6857.142857142857,1740.6793685691955,Review
PRV53597,6,41000,6833.333333333333,1740.6793685691955,Review
PRV52290,10,68000,6800.0,1740.6793685691955,Review
PRV53008,52,353600,6800.0,1740.6793685691955,Review
PRV54955,314,2134890,6799.012738853503,1740.6793685691955,Review
PRV57711,23,156000,6782.608695652174,1740.6793685691955,Review
PRV53519,9,61000,6777.777777777777,1740.6793685691955,Review
PRV51857,57,383490,6727.894736842105,1740.6793685691955,Review
PRV51803,5,33570,6714.0,1740.6793685691955,Review
PRV55492,42,281980,6713.809523809524,1740.6793685691955,Review
PRV52847,92,617430,6711.195652173913,1740.6793685691955,Review
PRV54480,6,40000,6666.666666666667,1740.6793685691955,Review
PRV56122,3,20000,6666.666666666667,1740.6793685691955,Review
PRV57299,6,40000,6666.666666666667,1740.6793685691955,Review
PRV57667,3,20000,6666.666666666667,1740.6793685691955,Review
PRV51178,65,431180,6633.538461538462,1740.6793685691955,Review
PRV57297,8,53000,6625.0,1740.6793685691955,Review
PRV57334,68,450080,6618.823529411765,1740.6793685691955,Review
PRV56885,10,66050,6605.0,1740.6793685691955,Review
PRV52495,15,98800,6586.666666666667,1740.6793685691955,Review
PRV55666,19,125000,6578.9473684210525,1740.6793685691955,Review
PRV55023,64,420150,6564.84375,1740.6793685691955,Review
PRV55019,285,1857020,6515.859649122807,1740.6793685691955,Review
PRV55126,2,13000,6500.0,1740.6793685691955,Review
PRV57630,8,52000,6500.0,1740.6793685691955,Review
PRV55120,9,58200,6466.666666666667,1740.6793685691955,Review
PRV51380,8,51560,6445.0,1740.6793685691955,Review
PRV56003,12,77180,6431.666666666667,1740.6793685691955,Review
PRV56125,7,45000,6428.571428571428,1740.6793685691955,Review
PRV56354,11,70470,6406.363636363636,1740.6793685691955,Review
PRV55172,114,727600,6382.456140350877,1740.6793685691955,Review
PRV51421,139,884780,6365.323741007194,1740.6793685691955,Review
PRV54657,46,292220,6352.608695652174,1740.6793685691955,Review
PRV54819,25,158110,6324.4,1740.6793685691955,Review
PRV54356,31,195370,6302.258064516129,1740.6793685691955,Review
PRV54760,31,195090,6293.225806451613,1740.6793685691955,Review
PRV53961,129,811460,6290.387596899225,1740.6793685691955,Review
PRV56033,8,50160,6270.0,1740.6793685691955,Review
PRV55600,4,25000,6250.0,1740.6793685691955,Review
PRV55676,167,1040300,6229.34131736527,1740.6793685691955,Review
PRV56438,133,827300,6220.300751879699,1740.6793685691955,Review
PRV52808,5,31080,6216.0,1740.6793685691955,Review
PRV55452,60,372430,6207.166666666667,1740.6793685691955,Review
PRV56592,118,732240,6205.423728813559,1740.6793685691955,Review
PRV55809,10,62000,6200.0,1740.6793685691955,Review
PRV56533,15,93000,6200.0,1740.6793685691955,Review
PRV56507,42,260300,6197.619047619048,1740.6793685691955,Review
PRV51077,33,204350,6192.424242424242,1740.6793685691955,Review
PRV52047,24,148550,6189.583333333333,1740.6793685691955,Review
PRV52474,37,228770,6182.972972972973,1740.6793685691955,Review
PRV56732,28,172920,6175.714285714285,1740.6793685691955,Review
PRV55783,7,43040,6148.571428571428,1740.6793685691955,Review
PRV55482,83,509250,6135.542168674699,1740.6793685691955,Review
PRV55891,51,312730,6131.9607843137255,1740.6793685691955,Review
PRV52787,11,67000,6090.909090909091,1740.6793685691955,Review
PRV56046,20,121680,6084.0,1740.6793685691955,Review
PRV52146,40,240710,6017.75,1740.6793685691955,Review
PRV51109,3,18000,6000.0,1740.6793685691955,Review
PRV51812,1,6000,6000.0,1740.6793685691955,Review
PRV52296,2,12000,6000.0,1740.6793685691955,Review
PRV52464,2,12000,6000.0,1740.6793685691955,Review
PRV54673,1,6000,6000.0,1740.6793685691955,Review
PRV55146,1,6000,6000.0,1740.6793685691955,Review
PRV55156,1,6000,6000.0,1740.6793685691955,Review
PRV55816,1,6000,6000.0,1740.6793685691955,Review
PRV57252,3,18000,6000.0,1740.6793685691955,Review
PRV57294,2,12000,6000.0,1740.6793685691955,Review
PRV57632,1,6000,6000.0,1740.6793685691955,Review
PRV51495,141,845690,5997.801418439716,1740.6793685691955,Review
PRV51824,10,59900,5990.0,1740.6793685691955,Review
PRV55900,19,113810,5990.0,1740.6793685691955,Review
PRV53706,473,2831940,5987.188160676533,1740.6793685691955,Review
PRV56103,116,691860,5964.310344827586,1740.6793685691955,Review
PRV53297,29,171770,5923.103448275862,1740.6793685691955,Review
PRV52574,259,1533830,5922.123552123552,1740.6793685691955,Review
PRV54253,14,82850,5917.857142857143,1740.6793685691955,Review
PRV55939,51,301760,5916.862745098039,1740.6793685691955,Review
PRV52590,208,1227580,5901.826923076923,1740.6793685691955,Review
PRV53938,111,653670,5888.918918918919,1740.6793685691955,Review
PRV51390,275,1607260,5844.581818181819,1740.6793685691955,Review
PRV51588,10,58430,5843.0,1740.6793685691955,Review
PRV53746,6,35000,5833.333333333333,1740.6793685691955,Review
PRV51234,5,29000,5800.0,1740.6793685691955,Review
PRV51474,71,411260,5792.394366197183,1740.6793685691955,Review
PRV54093,89,514980,5786.29213483146,1740.6793685691955,Review
PRV54220,32,185140,5785.625,1740.6793685691955,Review
PRV54906,22,127150,5779.545454545455,1740.6793685691955,Review
PRV51067,58,334520,5767.586206896552,1740.6793685691955,Review
PRV53868,28,161420,5765.0,1740.6793685691955,Review
PRV53802,80,459870,5748.375,1740.6793685691955,Review
PRV53937,38,217970,5736.0526315789475,1740.6793685691955,Review
PRV54620,13,74520,5732.307692307692,1740.6793685691955,Review
PRV53692,244,1397600,5727.868852459016,1740.6793685691955,Review
PRV52862,76,432660,5692.894736842105,1740.6793685691955,Review
PRV52544,6,34000,5666.666666666667,1740.6793685691955,Review
PRV52123,256,1447140,5652.890625,1740.6793685691955,Review
PRV56730,54,303950,5628.7037037037035,1740.6793685691955,Review
PRV52073,64,359250,5613.28125,1740.6793685691955,Review
PRV51715,12,67340,5611.666666666667,1740.6793685691955,Review
PRV56289,5,28000,5600.0,1740.6793685691955,Review
PRV57636,5,28000,5600.0,1740.6793685691955,Review
PRV51920,18,100700,5594.444444444444,1740.6793685691955,Review
PRV56490,14,78170,5583.571428571428,1740.6793685691955,Review
PRV53070,20,111530,5576.5,1740.6793685691955,Review
PRV54821,7,39000,5571.428571428572,1740.6793685691955,Review
PRV56002,32,177810,5556.5625,1740.6793685691955,Review
PRV51960,48,266640,5555.0,1740.6793685691955,Review
PRV55495,51,282660,5542.35294117647,1740.6793685691955,Review
PRV55970,40,221400,5535.0,1740.6793685691955,Review
PRV51101,3,16600,5533.333333333333,1740.6793685691955,Review
PRV56400,9,49800,5533.333333333333,1740.6793685691955,Review
PRV57310,122,673420,5519.836065573771,1740.6793685691955,Review
PRV53380,4,22000,5500.0,1740.6793685691955,Review
PRV53861,2,11000,5500.0,1740.6793685691955,Review
PRV56543,4,22000,5500.0,1740.6793685691955,Review
PRV51614,268,1472150,5493.0970149253735,1740.6793685691955,Review
PRV56731,20,109700,5485.0,1740.6793685691955,Review
PRV53143,12,65670,5472.5,1740.6793685691955,Review
PRV55983,22,119670,5439.545454545455,1740.6793685691955,Review
PRV55813,7,38000,5428.571428571428,1740.6793685691955,Review
PRV53384,62,335120,5405.1612903225805,1740.6793685691955,Review
PRV51110,5,27000,5400.0,1740.6793685691955,Review
PRV54653,70,377740,5396.285714285715,1740.6793685691955,Review
PRV57702,15,80830,5388.666666666667,1740.6793685691955,Review
PRV55908,55,294790,5359.818181818182,1740.6793685691955,Review
PRV55157,3,16000,5333.333333333333,1740.6793685691955,Review
PRV57345,88,465320,5287.727272727273,1740.6793685691955,Review
PRV54918,166,874860,5270.240963855422,1740.6793685691955,Review
PRV53602,4,21000,5250.0,1740.6793685691955,Review
PRV57612,6,31490,5248.333333333333,1740.6793685691955,Review
PRV52003,154,806950,5239.935064935065,1740.6793685691955,Review
PRV55022,137,716850,5232.481751824817,1740.6793685691955,Review
PRV56481,128,668910,5225.859375,1740.6793685691955,Review
PRV57169,31,161880,5221.935483870968,1740.6793685691955,Review
PRV54692,72,375880,5220.555555555556,1740.6793685691955,Review
PRV54266,65,339180,5218.153846153846,1740.6793685691955,Review
PRV53590,19,98820,5201.0526315789475,1740.6793685691955,Review
PRV57223,54,280530,5195.0,1740.6793685691955,Review
PRV52188,33,171080,5184.242424242424,1740.6793685691955,Review
PRV52918,22,114010,5182.272727272727,1740.6793685691955,Review
PRV52044,79,408830,5175.06329113924,1740.6793685691955,Review
PRV52611,16,82760,5172.5,1740.6793685691955,Review
PRV56126,6,31000,5166.666666666667,1740.6793685691955,Review
PRV55547,27,139420,5163.7037037037035,1740.6793685691955,Review
PRV52152,88,454360,5163.181818181818,1740.6793685691955,Review
PRV54936,221,1139730,5157.149321266968,1740.6793685691955,Review
PRV55663,7,36000,5142.857142857143,1740.6793685691955,Review
PRV56350,158,812530,5142.594936708861,1740.6793685691955,Review
PRV53792,53,272510,5141.698113207547,1740.6793685691955,Review
PRV51612,13,66770,5136.153846153846,1740.6793685691955,Review
PRV51638,4,20490,5122.5,1740.6793685691955,Review
PRV54258,238,1217250,5114.495798319328,1740.6793685691955,Review
PRV57548,210,1069050,5090.714285714285,1740.6793685691955,Review
PRV53153,24,121630,5067.916666666667,1740.6793685691955,Review
PRV57088,10,50590,5059.0,1740.6793685691955,Review
PRV51617,22,111270,5057.727272727273,1740.6793685691955,Review
PRV52326,14,70770,5055.0,1740.6793685691955,Review
PRV53673,36,181630,5045.277777777777,1740.6793685691955,Review
PRV56570,30,150940,5031.333333333333,1740.6793685691955,Review
PRV52828,44,221050,5023.863636363636,1740.6793685691955,Review
PRV51235,2,10000,5000.0,1740.6793685691955,Review
PRV51239,1,5000,5000.0,1740.6793685691955,Review
PRV51820,5,25000,5000.0,1740.6793685691955,Review
PRV51833,3,15000,5000.0,1740.6793685691955,Review
PRV52463,1,5000,5000.0,1740.6793685691955,Review
PRV52971,3,15000,5000.0,1740.6793685691955,Review
PRV53451,5,25000,5000.0,1740.6793685691955,Review
PRV54054,1,5000,5000.0,1740.6793685691955,Review
PRV55122,1,5000,5000.0,1740.6793685691955,Review
PRV56106,2,10000,5000.0,1740.6793685691955,Review
PRV57076,2,10000,5000.0,1740.6793685691955,Review
PRV57093,1,5000,5000.0,1740.6793685691955,Review
PRV52989,177,882590,4986.38418079096,1740.6793685691955,Review
PRV56734,22,109700,4986.363636363636,1740.6793685691955,Review
PRV57340,41,204360,4984.390243902439,1740.6793685691955,Review
PRV56544,20,99630,4981.5,1740.6793685691955,Review
PRV51166,5,24870,4974.0,1740.6793685691955,Review
PRV57729,23,114300,4969.565217391304,1740.6793685691955,Review
PRV51263,44,218170,4958.409090909091,1740.6793685691955,Review
PRV53441,38,187610,4937.105263157895,1740.6793685691955,Review
PRV54367,636,3133880,4927.4842767295595,1740.6793685691955,Review
PRV52653,14,68950,4925.0,1740.6793685691955,Review
PRV54201,4,19600,4900.0,1740.6793685691955,Review
PRV55049,148,725150,4899.6621621621625,1740.6793685691955,Review
PRV56269,17,83230,4895.882352941177,1740.6793685691955,Review
PRV52634,87,424950,4884.482758620689,1740.6793685691955,Review
PRV52127,15,73050,4870.0,1740.6793685691955,Review
PRV56614,26,126100,4850.0,1740.6793685691955,Review
PRV54737,35,169510,4843.142857142857,1740.6793685691955,Review
PRV51431,49,236720,4831.0204081632655,1740.6793685691955,Review
PRV54560,98,473080,4827.34693877551,1740.6793685691955,Review
PRV54931,52,248540,4779.615384615385,1740.6793685691955,Review
PRV51146,352,1680910,4775.3125,1740.6793685691955,Review
PRV53091,4,19000,4750.0,1740.6793685691955,Review
PRV56349,61,288280,4725.901639344263,1740.6793685691955,Review
PRV54773,34,160210,4712.058823529412,1740.6793685691955,Review
PRV52898,114,535930,4701.140350877193,1740.6793685691955,Review
PRV51288,8,37360,4670.0,1740.6793685691955,Review
PRV57298,3,14000,4666.666666666667,1740.6793685691955,Review
PRV54616,5,23310,4662.0,1740.6793685691955,Review
PRV54215,31,144370,4657.096774193548,1740.6793685691955,Review
PRV51862,20,92870,4643.5,1740.6793685691955,Review
PRV54661,19,88200,4642.105263157895,1740.6793685691955,Review
PRV51951,102,473010,4637.35294117647,1740.6793685691955,Review
PRV55230,565,2612740,4624.3185840707965,1740.6793685691955,Review
PRV57341,177,816350,4612.146892655367,1740.6793685691955,Review
PRV53671,55,253590,4610.727272727273,1740.6793685691955,Review
PRV52307,175,806460,4608.342857142857,1740.6793685691955,Review
PRV57502,260,1197550,4605.961538461538,1740.6793685691955,Review
PRV53304,13,59670,4590.0,1740.6793685691955,Review
PRV51003,132,605670,4588.409090909091,1740.6793685691955,Review
PRV52998,33,151190,4581.515151515152,1740.6793685691955,Review
PRV53396,99,452600,4571.717171717171,1740.6793685691955,Review
PRV56583,24,109070,4544.583333333333,1740.6793685691955,Review
PRV53242,259,1176290,4541.660231660232,1740.6793685691955,Review
PRV57316,85,384920,4528.470588235294,1740.6793685691955,Review
PRV56726,16,72440,4527.5,1740.6793685691955,Review
PRV52289,4,18000,4500.0,1740.6793685691955,Review
PRV52803,2,9000,4500.0,1740.6793685691955,Review
PRV57560,2,9000,4500.0,1740.6793685691955,Review
PRV56763,26,116490,4480.384615384615,1740.6793685691955,Review
PRV53769,377,1685180,4469.9734748010615,1740.6793685691955,Review
PRV57215,11,48970,4451.818181818182,1740.6793685691955,Review
PRV52841,3,13320,4440.0,1740.6793685691955,Review
PRV52148,78,345150,4425.0,1740.6793685691955,Review
PRV54348,217,959880,4423.410138248848,1740.6793685691955,Review
PRV55236,54,237260,4393.7037037037035,1740.6793685691955,Review
PRV51059,96,421060,4386.041666666667,1740.6793685691955,Review
PRV54102,23,100720,4379.130434782609,1740.6793685691955,Review
PRV51173,22,96290,4376.818181818182,1740.6793685691955,Review
PRV52128,113,492550,4358.849557522124,1740.6793685691955,Review
PRV51318,3,13000,4333.333333333333,1740.6793685691955,Review
PRV51442,6,25970,4328.333333333333,1740.6793685691955,Review
PRV51030,171,739760,4326.081871345029,1740.6793685691955,Review
PRV52308,87,374760,4307.586206896552,1740.6793685691955,Review
PRV54337,149,640510,4298.724832214765,1740.6793685691955,Review
PRV54933,64,273200,4268.75,1740.6793685691955,Review
PRV56014,34,145050,4266.176470588235,1740.6793685691955,Review
PRV57364,10,42650,4265.0,1740.6793685691955,Review
PRV57369,28,119350,4262.5,1740.6793685691955,Review
PRV56768,4,17000,4250.0,1740.6793685691955,Review
PRV54208,27,114160,4228.148148148148,1740.6793685691955,Review
PRV56140,31,130600,4212.903225806452,1740.6793685691955,Review
PRV52142,59,248520,4212.203389830508,1740.6793685691955,Review
PRV56478,152,638850,4202.960526315789,1740.6793685691955,Review
PRV54649,75,315080,4201.066666666667,1740.6793685691955,Review
PRV53959,214,896830,4190.794392523365,1740.6793685691955,Review
PRV54950,18,75400,4188.888888888889,1740.6793685691955,Review
PRV51001,25,104640,4185.6,1740.6793685691955,Review
PRV53381,33,138120,4185.454545454545,1740.6793685691955,Review
PRV54426,24,100390,4182.916666666667,1740.6793685691955,Review
PRV53007,96,400540,4172.291666666667,1740.6793685691955,Review
PRV56753,24,100080,4170.0,1740.6793685691955,Review
PRV52131,84,349760,4163.809523809524,1740.6793685691955,Review
PRV54901,25,103960,4158.4,1740.6793685691955,Review
PRV51842,294,1220600,4151.700680272109,1740.6793685691955,Review
PRV53683,9,37300,4144.444444444444,1740.6793685691955,Review
PRV53951,54,223620,4141.111111111111,1740.6793685691955,Review
PRV51249,126,521330,4137.539682539683,1740.6793685691955,Review
PRV53885,12,49630,4135.833333333333,1740.6793685691955,Review
PRV54425,18,74300,4127.777777777777,1740.6793685691955,Review
PRV52398,48,197890,4122.708333333333,1740.6793685691955,Review
PRV55519,23,94710,4117.826086956522,1740.6793685691955,Review
PRV51619,19,78150,4113.1578947368425,1740.6793685691955,Review
PRV51449,17,69780,4104.705882352941,1740.6793685691955,Review
PRV51626,9,36920,4102.222222222223,1740.6793685691955,Review
PRV53787,74,303480,4101.081081081081,1740.6793685691955,Review
PRV57033,53,217330,4100.566037735849,1740.6793685691955,Review
PRV54999,10,40940,4094.0,1740.6793685691955,Review
PRV55826,26,106390,4091.923076923077,1740.6793685691955,Review
PRV56170,18,73370,4076.1111111111113,1740.6793685691955,Review
PRV51446,24,97390,4057.9166666666665,1740.6793685691955,Review
PRV57113,7,28350,4050.0,1740.6793685691955,Review
PRV51823,11,44530,4048.181818181818,1740.6793685691955,Review
PRV52556,115,464760,4041.391304347826,1740.6793685691955,Review
PRV55194,421,1700900,4040.142517814727,1740.6793685691955,Review
PRV57527,165,665500,4033.3333333333335,1740.6793685691955,Review
PRV55846,127,511670,4028.8976377952754,1740.6793685691955,Review
PRV51551,28,112800,4028.5714285714284,1740.6793685691955,Review
PRV52181,27,108640,4023.703703703704,1740.6793685691955,Review
PRV52621,45,180280,4006.222222222222,1740.6793685691955,Review
PRV51399,211,845070,4005.071090047393,1740.6793685691955,Review
PRV51711,1,4000,4000.0,1740.6793685691955,Review
PRV52970,1,4000,4000.0,1740.6793685691955,Review
PRV53600,1,4000,4000.0,1740.6793685691955,Review
PRV54326,5,20000,4000.0,1740.6793685691955,Review
PRV56774,1,4000,4000.0,1740.6793685691955,Review
PRV56902,1,4000,4000.0,1740.6793685691955,Review
PRV52359,107,426430,3985.3271028037384,1740.6793685691955,Review
PRV56746,43,171030,3977.4418604651164,1740.6793685691955,Review
PRV55005,130,516780,3975.230769230769,1740.6793685691955,Review
PRV56664,15,59600,3973.3333333333335,1740.6793685691955,Review
PRV51876,61,242320,3972.4590163934427,1740.6793685691955,Review
PRV57102,16,63450,3965.625,1740.6793685691955,Review
PRV55903,50,197820,3956.4,1740.6793685691955,Review
PRV52868,110,434120,3946.5454545454545,1740.6793685691955,Review
PRV56749,28,110210,3936.0714285714284,1740.6793685691955,Review
PRV55433,87,342020,3931.264367816092,1740.6793685691955,Review
PRV51863,73,286700,3927.3972602739727,1740.6793685691955,Review
PRV54925,122,478870,3925.1639344262294,1740.6793685691955,Review
PRV56445,55,215750,3922.7272727272725,1740.6793685691955,Review
PRV52151,121,474110,3918.2644628099174,1740.6793685691955,Review
PRV51549,21,82110,3910.0,1740.6793685691955,Review
PRV53808,493,1927250,3909.2292089249495,1740.6793685691955,Review
PRV54640,19,74260,3908.4210526315787,1740.6793685691955,Review
PRV52396,40,156300,3907.5,1740.6793685691955,Review
PRV57120,48,187050,3896.875,1740.6793685691955,Review
PRV54779,31,120680,3892.9032258064517,1740.6793685691955,Review
PRV52119,52,202380,3891.923076923077,1740.6793685691955,Review
PRV51639,29,112520,3880.0,1740.6793685691955,Review
PRV54896,159,616860,3879.622641509434,1740.6793685691955,Review
PRV56703,48,186070,3876.4583333333335,1740.6793685691955,Review
PRV56877,44,170410,3872.9545454545455,1740.6793685691955,Review
PRV54559,66,255560,3872.121212121212,1740.6793685691955,Review
PRV54787,77,297820,3867.7922077922076,1740.6793685691955,Review
PRV57372,32,123750,3867.1875,1740.6793685691955,Review
PRV53884,269,1039970,3866.059479553903,1740.6793685691955,Review
PRV52028,18,69530,3862.777777777778,1740.6793685691955,Review
PRV55381,45,173700,3860.0,1740.6793685691955,Review
PRV52065,325,1250280,3847.0153846153844,1740.6793685691955,Review
PRV56421,133,510750,3840.2255639097743,1740.6793685691955,Review
PRV56588,269,1030600,3831.2267657992566,1740.6793685691955,Review
PRV55209,762,2914700,3825.0656167979005,1740.6793685691955,Review
PRV57704,7,26770,3824.285714285714,1740.6793685691955,Review
PRV56705,16,61120,3820.0,1740.6793685691955,Review
PRV52295,5,19000,3800.0,1740.6793685691955,Review
PRV53266,257,974110,3790.3112840466924,1740.6793685691955,Review
PRV54781,205,776560,3788.0975609756097,1740.6793685691955,Review
PRV57427,30,113590,3786.3333333333335,1740.6793685691955,Review
PRV55437,106,400250,3775.943396226415,1740.6793685691955,Review
PRV53401,303,1143010,3772.3102310231025,1740.6793685691955,Review
PRV55944,26,97870,3764.230769230769,1740.6793685691955,Review
PRV56630,159,597230,3756.1635220125786,1740.6793685691955,Review
PRV53444,27,101300,3751.8518518518517,1740.6793685691955,Review
PRV51647,12,44940,3745.0,1740.6793685691955,Review
PRV53136,43,161020,3744.6511627906975,1740.6793685691955,Review
PRV53489,20,74870,3743.5,1740.6793685691955,Review
PRV57231,48,179300,3735.4166666666665,1740.6793685691955,Review
PRV55709,43,160590,3734.6511627906975,1740.6793685691955,Review
PRV57307,38,141740,3730.0,1740.6793685691955,Review
PRV53131,13,48330,3717.6923076923076,1740.6793685691955,Review
PRV54390,95,352760,3713.2631578947367,1740.6793685691955,Review
PRV57234,24,89100,3712.5,1740.6793685691955,Review
PRV54834,16,59300,3706.25,1740.6793685691955,Review
PRV57127,22,81530,3705.909090909091,1740.6793685691955,Review
PRV53040,14,51800,3700.0,1740.6793685691955,Review
PRV57227,52,191800,3688.4615384615386,1740.6793685691955,Review
PRV52986,36,132490,3680.277777777778,1740.6793685691955,Review
PRV51949,71,260140,3663.943661971831,1740.6793685691955,Review
PRV52136,104,380190,3655.673076923077,1740.6793685691955,Review
PRV54504,120,434920,3624.3333333333335,1740.6793685691955,Review
PRV51358,17,61210,3600.5882352941176,1740.6793685691955,Review
PRV51981,5,18000,3600.0,1740.6793685691955,Review
PRV51406,29,104260,3595.1724137931033,1740.6793685691955,Review
PRV57030,57,204810,3593.157894736842,1740.6793685691955,Review
PRV51582,4,14370,3592.5,1740.6793685691955,Review
PRV56585,7,25090,3584.285714285714,1740.6793685691955,Review
PRV53265,92,328820,3574.1304347826085,1740.6793685691955,Review
PRV55774,14,49930,3566.4285714285716,1740.6793685691955,Review
PRV53142,111,394050,3550.0,1740.6793685691955,Review
PRV57495,113,400530,3544.5132743362833,1740.6793685691955,Review
PRV57302,4,14160,3540.0,1740.6793685691955,Review
PRV52126,110,388830,3534.818181818182,1740.6793685691955,Review
PRV55129,3,10600,3533.3333333333335,1740.6793685691955,Review
PRV52588,50,176620,3532.4,1740.6793685691955,Review
PRV54072,30,105640,3521.3333333333335,1740.6793685691955,Review
PRV54993,53,185920,3507.9245283018868,1740.6793685691955,Review
PRV57092,2,7000,3500.0,1740.6793685691955,Review
PRV53749,69,241350,3497.8260869565215,1740.6793685691955,Review
PRV56396,83,289380,3486.5060240963853,1740.6793685691955,Review
PRV53398,5,17410,3482.0,1740.6793685691955,Review
PRV51566,26,90030,3462.6923076923076,1740.6793685691955,Review
PRV55837,45,155370,3452.6666666666665,1740.6793685691955,Review
PRV56742,35,120750,3450.0,1740.6793685691955,Review
PRV51579,72,247680,3440.0,1740.6793685691955,Review
PRV51362,44,151320,3439.090909090909,1740.6793685691955,Review
PRV57719,23,78830,3427.391304347826,1740.6793685691955,Review
PRV52904,3,10230,3410.0,1740.6793685691955,Review
PRV51078,23,78270,3403.0434782608695,1740.6793685691955,Review
PRV54739,186,632650,3401.3440860215055,1740.6793685691955,Review
PRV53005,50,168860,3377.2,1740.6793685691955,Review
PRV56264,51,172050,3373.529411764706,1740.6793685691955,Review
PRV51165,98,329700,3364.285714285714,1740.6793685691955,Review
PRV53770,253,849520,3357.786561264822,1740.6793685691955,Review
PRV52476,26,87300,3357.6923076923076,1740.6793685691955,Review
PRV56018,72,240840,3345.0,1740.6793685691955,Review
PRV51455,34,113650,3342.6470588235293,1740.6793685691955,Review
PRV52472,61,203810,3341.1475409836066,1740.6793685691955,Review
PRV54216,49,163340,3333.469387755102,1740.6793685691955,Review
PRV51830,6,20000,3333.3333333333335,1740.6793685691955,Review
PRV54507,109,363310,3333.119266055046,1740.6793685691955,Review
PRV54909,27,89860,3328.1481481481483,1740.6793685691955,Review
PRV54569,63,209350,3323.0158730158732,1740.6793685691955,Review
PRV56724,26,85860,3302.3076923076924,1740.6793685691955,Review
PRV54295,1,3300,3300.0,1740.6793685691955,Review
PRV54302,1,3300,3300.0,1740.6793685691955,Review
PRV54785,8,26330,3291.25,1740.6793685691955,Review
PRV56469,131,430560,3286.7175572519086,1740.6793685691955,Review
PRV52849,14,45780,3270.0,1740.6793685691955,Review
PRV57593,26,84910,3265.769230769231,1740.6793685691955,Review
PRV51360,29,94230,3249.310344827586,1740.6793685691955,Review
PRV54230,126,408650,3243.253968253968,1740.6793685691955,Review
PRV51599,5,16210,3242.0,1740.6793685691955,Review
PRV56031,19,61570,3240.5263157894738,1740.6793685691955,Review
PRV56563,30,96890,3229.6666666666665,1740.6793685691955,Review
PRV55496,86,277440,3226.046511627907,1740.6793685691955,Review
PRV51840,118,380600,3225.423728813559,1740.6793685691955,Review
PRV54082,11,35450,3222.7272727272725,1740.6793685691955,Review
PRV55490,50,160900,3218.0,1740.6793685691955,Review
PRV56778,38,122180,3215.2631578947367,1740.6793685691955,Review
PRV51086,139,446170,3209.856115107914,1740.6793685691955,Review
PRV57640,15,48130,3208.6666666666665,1740.6793685691955,Review
PRV54651,91,291760,3206.153846153846,1740.6793685691955,Review
PRV55195,77,246730,3204.285714285714,1740.6793685691955,Review
PRV52346,68,217540,3199.1176470588234,1740.6793685691955,Review
PRV52072,132,421030,3189.621212121212,1740.6793685691955,Review
PRV57210,43,137020,3186.5116279069766,1740.6793685691955,Review
PRV52021,613,1951850,3184.094616639478,1740.6793685691955,Review
PRV55150,6,19100,3183.3333333333335,1740.6793685691955,Review
PRV54764,51,162080,3178.0392156862745,1740.6793685691955,Review
PRV54565,130,412130,3170.230769230769,1740.6793685691955,Review
PRV52084,34,107750,3169.1176470588234,1740.6793685691955,Review
PRV53141,105,332720,3168.7619047619046,1740.6793685691955,Review
PRV52926,17,53760,3162.3529411764707,1740.6793685691955,Review
PRV53104,80,252770,3159.625,1740.6793685691955,Review
PRV51183,113,355790,3148.5840707964603,1740.6793685691955,Review
PRV52592,19,59620,3137.8947368421054,1740.6793685691955,Review
PRV52353,48,150420,3133.75,1740.6793685691955,Review
PRV54644,68,212370,3123.0882352941176,1740.6793685691955,Review
PRV53942,25,77620,3104.8,1740.6793685691955,Review
PRV51418,61,189340,3103.934426229508,1740.6793685691955,Review
PRV54259,29,89900,3100.0,1740.6793685691955,Review
PRV57309,35,108260,3093.1428571428573,1740.6793685691955,Review
PRV51546,36,110930,3081.3888888888887,1740.6793685691955,Review
PRV57409,71,218620,3079.154929577465,1740.6793685691955,Review
PRV57034,64,196130,3064.53125,1740.6793685691955,Review
PRV56748,463,1415780,3057.840172786177,1740.6793685691955,Review
PRV52019,1961,5996050,3057.6491585925546,1740.6793685691955,Review
PRV52112,85,259790,3056.3529411764707,1740.6793685691955,Review
PRV55567,70,213870,3055.285714285714,1740.6793685691955,Review
PRV52642,436,1328240,3046.422018348624,1740.6793685691955,Review
PRV55041,21,63880,3041.904761904762,1740.6793685691955,Review
PRV52094,53,161120,3040.0,1740.6793685691955,Review
PRV54917,37,112450,3039.189189189189,1740.6793685691955,Review
PRV56873,2,6070,3035.0,1740.6793685691955,Review
PRV54074,113,342890,3034.424778761062,1740.6793685691955,Review
PRV51274,58,175720,3029.655172413793,1740.6793685691955,Review
PRV56643,24,72690,3028.75,1740.6793685691955,Review
PRV56257,52,157440,3027.6923076923076,1740.6793685691955,Review
PRV51447,89,269390,3026.85393258427,1740.6793685691955,Review
PRV53932,304,920140,3026.7763157894738,1740.6793685691955,Review
PRV55225,66,199390,3021.060606060606,1740.6793685691955,Review
PRV52892,36,108690,3019.1666666666665,1740.6793685691955,Review
PRV56755,18,54160,3008.8888888888887,1740.6793685691955,Review
PRV52608,1,3000,3000.0,1740.6793685691955,Review
PRV52814,2,6000,3000.0,1740.6793685691955,Review
PRV52816,1,3000,3000.0,1740.6793685691955,Review
PRV53516,1,3000,3000.0,1740.6793685691955,Review
PRV53601,2,6000,3000.0,1740.6793685691955,Review
PRV54262,1,3000,3000.0,1740.6793685691955,Review
PRV55815,4,12000,3000.0,1740.6793685691955,Review
PRV56274,8,23980,2997.5,1740.6793685691955,Review
PRV52342,218,652190,2991.697247706422,1740.6793685691955,Review
PRV52924,13,38730,2979.230769230769,1740.6793685691955,Review
PRV54571,17,50610,2977.0588235294117,1740.6793685691955,Review
PRV57492,117,348030,2974.6153846153848,1740.6793685691955,Review
PRV51467,25,74260,2970.4,1740.6793685691955,Review
PRV52302,46,136280,2962.608695652174,1740.6793685691955,Review
PRV54153,14,41410,2957.8571428571427,1740.6793685691955,Review
PRV57025,49,144640,2951.8367346938776,1740.6793685691955,Review
PRV51948,515,1519950,2951.359223300971,1740.6793685691955,Review
PRV52646,104,306310,2945.2884615384614,1740.6793685691955,Review
PRV53277,44,129060,2933.181818181818,1740.6793685691955,Review
PRV52511,246,720280,2927.967479674797,1740.6793685691955,Review
PRV55956,22,64190,2917.7272727272725,1740.6793685691955,Review
PRV57117,190,552370,2907.2105263157896,1740.6793685691955,Review
PRV55232,107,310420,2901.121495327103,1740.6793685691955,Review
PRV56713,173,499920,2889.7109826589594,1740.6793685691955,Review
PRV51046,38,109370,2878.157894736842,1740.6793685691955,Review
PRV52902,46,132250,2875.0,1740.6793685691955,Review
PRV53910,96,275480,2869.5833333333335,1740.6793685691955,Review
PRV53317,16,45850,2865.625,1740.6793685691955,Review
PRV56571,11,31520,2865.4545454545455,1740.6793685691955,Review
PRV53453,15,42980,2865.3333333333335,1740.6793685691955,Review
PRV56767,18,51570,2865.0,1740.6793685691955,Review
PRV53776,200,571960,2859.8,1740.6793685691955,Review
PRV52504,40,114180,2854.5,1740.6793685691955,Review
PRV51353,18,51210,2845.0,1740.6793685691955,Review
PRV52570,24,68190,2841.25,1740.6793685691955,Review
PRV56172,11,31140,2830.909090909091,1740.6793685691955,Review
PRV52300,21,59160,2817.1428571428573,1740.6793685691955,Review
PRV54942,130,365970,2815.153846153846,1740.6793685691955,Review
PRV52916,26,73130,2812.6923076923076,1740.6793685691955,Review
PRV54846,42,117930,2807.8571428571427,1740.6793685691955,Review
PRV53308,45,125990,2799.777777777778,1740.6793685691955,Review
PRV54327,70,195380,2791.1428571428573,1740.6793685691955,Review
PRV57425,124,345720,2788.064516129032,1740.6793685691955,Review
PRV51593,54,150000,2777.777777777778,1740.6793685691955,Review
PRV51625,7,19420,2774.285714285714,1740.6793685691955,Review
PRV57533,108,299560,2773.703703703704,1740.6793685691955,Review
PRV54061,11,30470,2770.0,1740.6793685691955,Review
PRV51348,55,152330,2769.6363636363635,1740.6793685691955,Review
PRV55700,30,83030,2767.6666666666665,1740.6793685691955,Review
PRV52402,209,577120,2761.33971291866,1740.6793685691955,Review
PRV51434,102,280490,2749.901960784314,1740.6793685691955,Review
PRV57320,38,104310,2745.0,1740.6793685691955,Review
PRV53124,65,178380,2744.3076923076924,1740.6793685691955,Review
PRV54382,257,704830,2742.5291828793775,1740.6793685691955,Review
PRV54986,618,1693410,2740.145631067961,1740.6793685691955,Review
PRV51125,48,131310,2735.625,1740.6793685691955,Review
PRV51065,28,76570,2734.6428571428573,1740.6793685691955,Review
PRV52654,177,483550,2731.9209039548023,1740.6793685691955,Review
PRV54065,94,256620,2730.0,1740.6793685691955,Review
PRV55739,86,234640,2728.3720930232557,1740.6793685691955,Review
PRV55682,23,62740,2727.8260869565215,1740.6793685691955,Review
PRV54998,207,563540,2722.415458937198,1740.6793685691955,Review
PRV57547,86,234080,2721.860465116279,1740.6793685691955,Review
PRV55948,28,75960,2712.8571428571427,1740.6793685691955,Review
PRV54558,73,197970,2711.917808219178,1740.6793685691955,Review
PRV55914,63,170660,2708.8888888888887,1740.6793685691955,Review
PRV55996,98,264130,2695.204081632653,1740.6793685691955,Review
PRV55573,11,29630,2693.6363636363635,1740.6793685691955,Review
PRV52876,73,195980,2684.6575342465753,1740.6793685691955,Review
PRV51623,21,56350,2683.3333333333335,1740.6793685691955,Review
PRV52115,90,241500,2683.3333333333335,1740.6793685691955,Review
PRV51533,36,96350,2676.3888888888887,1740.6793685691955,Review
PRV51957,79,210190,2660.6329113924053,1740.6793685691955,Review
PRV51681,26,69130,2658.846153846154,1740.6793685691955,Review
PRV56909,7,18590,2655.714285714286,1740.6793685691955,Review
PRV51620,8,21190,2648.75,1740.6793685691955,Review
PRV54073,44,116390,2645.2272727272725,1740.6793685691955,Review
PRV52990,79,208160,2634.9367088607596,1740.6793685691955,Review
PRV53774,224,589370,2631.1160714285716,1740.6793685691955,Review
PRV54879,245,643720,2627.4285714285716,1740.6793685691955,Review
PRV53925,61,160200,2626.2295081967213,1740.6793685691955,Review
PRV53249,23,60140,2614.782608695652,1740.6793685691955,Review
PRV51354,4,10440,2610.0,1740.6793685691955,Normal
PRV53281,53,138310,2609.622641509434,1740.6793685691955,Normal
PRV54968,49,127820,2608.5714285714284,1740.6793685691955,Normal
PRV52321,150,390230,2601.5333333333333,1740.6793685691955,Normal
PRV56135,22,57230,2601.3636363636365,1740.6793685691955,Normal
PRV51536,16,41550,2596.875,1740.6793685691955,Normal
PRV54354,100,259620,2596.2,1740.6793685691955,Normal
PRV52548,15,38750,2583.3333333333335,1740.6793685691955,Normal
PRV51432,23,59270,2576.9565217391305,1740.6793685691955,Normal
PRV54085,234,602110,2573.119658119658,1740.6793685691955,Normal
PRV51514,93,239220,2572.2580645161293,1740.6793685691955,Normal
PRV56777,44,113150,2571.590909090909,1740.6793685691955,Normal
PRV54375,56,143990,2571.25,1740.6793685691955,Normal
PRV56759,11,28260,2569.090909090909,1740.6793685691955,Normal
PRV54232,42,107750,2565.4761904761904,1740.6793685691955,Normal
PRV57568,47,120350,2560.6382978723404,1740.6793685691955,Normal
PRV52821,713,1822970,2556.760168302945,1740.6793685691955,Normal
PRV52836,21,53680,2556.190476190476,1740.6793685691955,Normal
PRV55189,133,339940,2555.93984962406,1740.6793685691955,Normal
PRV56610,30,76590,2553.0,1740.6793685691955,Normal
PRV53208,23,58500,2543.478260869565,1740.6793685691955,Normal
PRV54378,79,200510,2538.1012658227846,1740.6793685691955,Normal
PRV56889,50,126550,2531.0,1740.6793685691955,Normal
PRV56908,2,5060,2530.0,1740.6793685691955,Normal
PRV54213,67,169320,2527.1641791044776,1740.6793685691955,Normal
PRV54934,71,178930,2520.1408450704225,1740.6793685691955,Normal
PRV51688,9,22660,2517.777777777778,1740.6793685691955,Normal
PRV53675,297,747680,2517.4410774410776,1740.6793685691955,Normal
PRV55030,311,782900,2517.363344051447,1740.6793685691955,Normal
PRV52076,221,554060,2507.0588235294117,1740.6793685691955,Normal
PRV53029,16,40050,2503.125,1740.6793685691955,Normal
PRV51640,7,17490,2498.5714285714284,1740.6793685691955,Normal
PRV54244,231,576370,2495.1082251082253,1740.6793685691955,Normal
PRV56456,46,114710,2493.695652173913,1740.6793685691955,Normal
PRV55720,11,27330,2484.5454545454545,1740.6793685691955,Normal
PRV56142,53,131590,2482.830188679245,1740.6793685691955,Normal
PRV54768,32,79420,2481.875,1740.6793685691955,Normal
PRV55462,1907,4713830,2471.85631882538,1740.6793685691955,Normal
PRV51556,56,138250,2468.75,1740.6793685691955,Normal
PRV52835,57,140360,2462.4561403508774,1740.6793685691955,Normal
PRV55907,243,598180,2461.6460905349795,1740.6793685691955,Normal
PRV57225,178,437520,2457.9775280898875,1740.6793685691955,Normal
PRV55205,260,638060,2454.076923076923,1740.6793685691955,Normal
PRV54566,308,755660,2453.4415584415583,1740.6793685691955,Normal
PRV53781,393,963190,2450.8651399491096,1740.6793685691955,Normal
PRV51845,45,110280,2450.6666666666665,1740.6793685691955,Normal
PRV54845,41,100280,2445.8536585365855,1740.6793685691955,Normal
PRV53419,19,46410,2442.6315789473683,1740.6793685691955,Normal
PRV54543,17,41500,2441.176470588235,1740.6793685691955,Normal
PRV52622,7,17010,2430.0,1740.6793685691955,Normal
PRV51403,114,277010,2429.9122807017543,1740.6793685691955,Normal
PRV51364,23,55830,2427.391304347826,1740.6793685691955,Normal
PRV56173,44,106720,2425.4545454545455,1740.6793685691955,Normal
PRV57148,83,200830,2419.6385542168673,1740.6793685691955,Normal
PRV54379,116,280670,2419.5689655172414,1740.6793685691955,Normal
PRV55925,21,50810,2419.5238095238096,1740.6793685691955,Normal
PRV55179,74,178930,2417.972972972973,1740.6793685691955,Normal
PRV56102,36,86790,2410.8333333333335,1740.6793685691955,Normal
PRV53456,29,69670,2402.4137931034484,1740.6793685691955,Normal
PRV51482,91,218470,2400.769230769231,1740.6793685691955,Normal
PRV56750,11,26350,2395.4545454545455,1740.6793685691955,Normal
PRV51277,59,141190,2393.0508474576272,1740.6793685691955,Normal
PRV52320,366,874200,2388.5245901639346,1740.6793685691955,Normal
PRV55978,401,957490,2387.755610972569,1740.6793685691955,Normal
PRV56238,31,73690,2377.0967741935483,1740.6793685691955,Normal
PRV52045,243,577030,2374.6090534979426,1740.6793685691955,Normal
PRV53807,158,375030,2373.6075949367087,1740.6793685691955,Normal
PRV51873,144,341480,2371.3888888888887,1740.6793685691955,Normal
PRV54111,249,590000,2369.4779116465866,1740.6793685691955,Normal
PRV51841,56,132310,2362.6785714285716,1740.6793685691955,Normal
PRV52843,251,592160,2359.203187250996,1740.6793685691955,Normal
PRV53383,22,51890,2358.6363636363635,1740.6793685691955,Normal
PRV52372,124,292040,2355.1612903225805,1740.6793685691955,Normal
PRV51819,3,7050,2350.0,1740.6793685691955,Normal
PRV57437,27,63170,2339.6296296296296,1740.6793685691955,Normal
PRV54990,20,46600,2330.0,1740.6793685691955,Normal
PRV55753,40,93000,2325.0,1740.6793685691955,Normal
PRV51305,49,113400,2314.285714285714,1740.6793685691955,Normal
PRV56403,34,78660,2313.529411764706,1740.6793685691955,Normal
PRV56147,8,18470,2308.75,1740.6793685691955,Normal
PRV53269,456,1045640,2293.0701754385964,1740.6793685691955,Normal
PRV53996,5,11390,2278.0,1740.6793685691955,Normal
PRV56818,20,45540,2277.0,1740.6793685691955,Normal
PRV57188,21,47780,2275.2380952380954,1740.6793685691955,Normal
PRV52644,31,70530,2275.1612903225805,1740.6793685691955,Normal
PRV55957,107,243440,2275.1401869158876,1740.6793685691955,Normal
PRV54101,29,65790,2268.6206896551726,1740.6793685691955,Normal
PRV51448,51,115550,2265.6862745098038,1740.6793685691955,Normal
PRV54658,85,192580,2265.6470588235293,1740.6793685691955,Normal
PRV54666,5,11310,2262.0,1740.6793685691955,Normal
PRV51337,168,379100,2256.5476190476193,1740.6793685691955,Normal
PRV53919,24,54050,2252.0833333333335,1740.6793685691955,Normal
PRV53020,2,4500,2250.0,1740.6793685691955,Normal
PRV56161,47,105640,2247.659574468085,1740.6793685691955,Normal
PRV53399,33,74120,2246.060606060606,1740.6793685691955,Normal
PRV52404,27,60610,2244.814814814815,1740.6793685691955,Normal
PRV55418,9,20190,2243.3333333333335,1740.6793685691955,Normal
PRV51247,34,76240,2242.3529411764707,1740.6793685691955,Normal
PRV56739,5,11150,2230.0,1740.6793685691955,Normal
PRV54089,41,91230,2225.121951219512,1740.6793685691955,Normal
PRV52027,181,402620,2224.4198895027625,1740.6793685691955,Normal
PRV57330,34,75570,2222.6470588235293,1740.6793685691955,Normal
PRV51388,86,191010,2221.046511627907,1740.6793685691955,Normal
PRV51628,6,13320,2220.0,1740.6793685691955,Normal
PRV51532,32,70930,2216.5625,1740.6793685691955,Normal
PRV51946,91,201370,2212.8571428571427,1740.6793685691955,Normal
PRV55183,117,257750,2202.991452991453,1740.6793685691955,Normal
PRV54183,2,4400,2200.0,1740.6793685691955,Normal
PRV52156,124,271910,2192.8225806451615,1740.6793685691955,Normal
PRV52502,119,260900,2192.436974789916,1740.6793685691955,Normal
PRV52118,52,113660,2185.769230769231,1740.6793685691955,Normal
PRV52552,55,119870,2179.4545454545455,1740.6793685691955,Normal
PRV51401,42,91520,2179.0476190476193,1740.6793685691955,Normal
PRV52157,227,494450,2178.193832599119,1740.6793685691955,Normal
PRV52393,91,197430,2169.5604395604396,1740.6793685691955,Normal
PRV54149,16,34700,2168.75,1740.6793685691955,Normal
PRV51438,9,19510,2167.777777777778,1740.6793685691955,Normal
PRV52325,130,281800,2167.6923076923076,1740.6793685691955,Normal
PRV56432,25,54080,2163.2,1740.6793685691955,Normal
PRV57321,84,181460,2160.2380952380954,1740.6793685691955,Normal
PRV51526,20,43150,2157.5,1740.6793685691955,Normal
PRV56139,21,45010,2143.3333333333335,1740.6793685691955,Normal
PRV54363,64,136700,2135.9375,1740.6793685691955,Normal
PRV55689,577,1226770,2126.117850953206,1740.6793685691955,Normal
PRV52405,89,189070,2124.38202247191,1740.6793685691955,Normal
PRV55441,32,67910,2122.1875,1740.6793685691955,Normal
PRV51604,329,697510,2120.091185410334,1740.6793685691955,Normal
PRV55118,5,10600,2120.0,1740.6793685691955,Normal
PRV52896,142,300920,2119.154929577465,1740.6793685691955,Normal
PRV51608,37,78140,2111.891891891892,1740.6793685691955,Normal
PRV53032,23,48310,2100.4347826086955,1740.6793685691955,Normal
PRV55780,52,109220,2100.3846153846152,1740.6793685691955,Normal
PRV51577,1,2100,2100.0,1740.6793685691955,Normal
PRV52954,1,2100,2100.0,1740.6793685691955,Normal
PRV56023,42,88070,2096.904761904762,1740.6793685691955,Normal
PRV51584,82,171930,2096.7073170731705,1740.6793685691955,Normal
PRV52344,130,272150,2093.4615384615386,1740.6793685691955,Normal
PRV56392,20,41860,2093.0,1740.6793685691955,Normal
PRV54361,40,83640,2091.0,1740.6793685691955,Normal
PRV52615,9,18770,2085.5555555555557,1740.6793685691955,Normal
PRV53111,33,68750,2083.3333333333335,1740.6793685691955,Normal
PRV56347,51,106110,2080.5882352941176,1740.6793685691955,Normal
PRV51286,70,145170,2073.8571428571427,1740.6793685691955,Normal
PRV54114,11,22790,2071.818181818182,1740.6793685691955,Normal
PRV51300,52,107540,2068.076923076923,1740.6793685691955,Normal
PRV51544,233,480150,2060.7296137339054,1740.6793685691955,Normal
PRV51194,9,18540,2060.0,1740.6793685691955,Normal
PRV52858,80,164760,2059.5,1740.6793685691955,Normal
PRV53239,113,232580,2058.2300884955753,1740.6793685691955,Normal
PRV55396,75,153830,2051.0666666666666,1740.6793685691955,Normal
PRV51142,51,104570,2050.392156862745,1740.6793685691955,Normal
PRV54164,2,4100,2050.0,1740.6793685691955,Normal
PRV56253,311,636680,2047.2025723472668,1740.6793685691955,Normal
PRV51128,50,102220,2044.4,1740.6793685691955,Normal
PRV52314,223,455180,2041.1659192825111,1740.6793685691955,Normal
PRV51144,30,61220,2040.6666666666667,1740.6793685691955,Normal
PRV55981,54,110140,2039.6296296296296,1740.6793685691955,Normal
PRV56696,34,69220,2035.8823529411766,1740.6793685691955,Normal
PRV57709,217,441530,2034.700460829493,1740.6793685691955,Normal
PRV51550,61,124040,2033.4426229508197,1740.6793685691955,Normal
PRV51371,46,93130,2024.5652173913043,1740.6793685691955,Normal
PRV57317,458,926330,2022.5545851528384,1740.6793685691955,Normal
PRV57433,70,141500,2021.4285714285713,1740.6793685691955,Normal
PRV54771,85,171560,2018.3529411764705,1740.6793685691955,Normal
PRV53442,46,92730,2015.8695652173913,1740.6793685691955,Normal
PRV57379,28,56380,2013.5714285714287,1740.6793685691955,Normal
PRV52630,434,873470,2012.6036866359448,1740.6793685691955,Normal
PRV54831,17,34040,2002.3529411764705,1740.6793685691955,Normal
PRV53986,45,90060,2001.3333333333333,1740.6793685691955,Normal
PRV51618,1,2000,2000.0,1740.6793685691955,Normal
PRV57069,2,4000,2000.0,1740.6793685691955,Normal
PRV51276,67,133980,1999.7014925373135,1740.6793685691955,Normal
PRV57525,107,213820,1998.3177570093458,1740.6793685691955,Normal
PRV57208,113,224580,1987.4336283185842,1740.6793685691955,Normal
PRV51602,39,77480,1986.6666666666667,1740.6793685691955,Normal
PRV54567,57,112690,1977.017543859649,1740.6793685691955,Normal
PRV51356,95,187800,1976.842105263158,1740.6793685691955,Normal
PRV52497,30,59240,1974.6666666666667,1740.6793685691955,Normal
PRV57510,247,486990,1971.6194331983806,1740.6793685691955,Normal
PRV55442,61,119850,1964.7540983606557,1740.6793685691955,Normal
PRV52833,14,27460,1961.4285714285713,1740.6793685691955,Normal
PRV52688,59,115670,1960.5084745762713,1740.6793685691955,Normal
PRV51355,74,145060,1960.2702702702702,1740.6793685691955,Normal
PRV54696,71,139150,1959.8591549295775,1740.6793685691955,Normal
PRV51084,110,215580,1959.8181818181818,1740.6793685691955,Normal
PRV51422,25,48930,1957.2,1740.6793685691955,Normal
PRV52589,426,832920,1955.2112676056338,1740.6793685691955,Normal
PRV55971,620,1212000,1954.8387096774193,1740.6793685691955,Normal
PRV56574,62,121180,1954.516129032258,1740.6793685691955,Normal
PRV51553,21,40990,1951.904761904762,1740.6793685691955,Normal
PRV57166,151,294700,1951.6556291390727,1740.6793685691955,Normal
PRV56680,33,64400,1951.5151515151515,1740.6793685691955,Normal
PRV55911,239,465440,1947.44769874477,1740.6793685691955,Normal
PRV55896,105,204310,1945.8095238095239,1740.6793685691955,Normal
PRV51031,185,359720,1944.4324324324325,1740.6793685691955,Normal
PRV51389,79,153470,1942.6582278481012,1740.6793685691955,Normal
PRV52427,19,36850,1939.4736842105262,1740.6793685691955,Normal
PRV51387,59,114420,1939.322033898305,1740.6793685691955,Normal
PRV52387,63,121740,1932.3809523809523,1740.6793685691955,Normal
PRV55242,34,65630,1930.2941176470588,1740.6793685691955,Normal
PRV51837,104,200310,1926.0576923076924,1740.6793685691955,Normal
PRV52020,606,1164820,1922.145214521452,1740.6793685691955,Normal
PRV57126,43,82620,1921.3953488372092,1740.6793685691955,Normal
PRV51884,44,84530,1921.1363636363637,1740.6793685691955,Normal
PRV52641,97,186330,1920.9278350515465,1740.6793685691955,Normal
PRV57217,62,119060,1920.3225806451612,1740.6793685691955,Normal
PRV52576,26,49850,1917.3076923076924,1740.6793685691955,Normal
PRV56276,7,13390,1912.857142857143,1740.6793685691955,Normal
PRV57515,88,167970,1908.75,1740.6793685691955,Normal
PRV56775,18,34350,1908.3333333333333,1740.6793685691955,Normal
PRV51430,112,213700,1908.0357142857142,1740.6793685691955,Normal
PRV51261,142,270170,1902.605633802817,1740.6793685691955,Normal
PRV52373,23,43710,1900.4347826086957,1740.6793685691955,Normal
PRV57762,1,1900,1900.0,1740.6793685691955,Normal
PRV53189,28,53030,1893.9285714285713,1740.6793685691955,Normal
PRV52564,21,39700,1890.4761904761904,1740.6793685691955,Normal
PRV53408,47,88780,1888.936170212766,1740.6793685691955,Normal
PRV53457,5,9430,1886.0,1740.6793685691955,Normal
PRV51038,141,265490,1882.9078014184397,1740.6793685691955,Normal
PRV57162,104,195680,1881.5384615384614,1740.6793685691955,Normal
PRV55930,45,84580,1879.5555555555557,1740.6793685691955,Normal
PRV51302,43,80710,1876.9767441860465,1740.6793685691955,Normal
PRV51336,69,129450,1876.0869565217392,1740.6793685691955,Normal
PRV56684,92,172070,1870.3260869565217,1740.6793685691955,Normal
PRV53063,4,7450,1862.5,1740.6793685691955,Normal
PRV54828,60,111610,1860.1666666666667,1740.6793685691955,Normal
PRV56917,8,14880,1860.0,1740.6793685691955,Normal
PRV55203,25,46470,1858.8,1740.6793685691955,Normal
PRV51492,81,150550,1858.641975308642,1740.6793685691955,Normal
PRV55690,91,168510,1851.7582417582419,1740.6793685691955,Normal
PRV54409,19,35160,1850.5263157894738,1740.6793685691955,Normal
PRV51598,422,779530,1847.2274881516587,1740.6793685691955,Normal
PRV54043,3,5540,1846.6666666666667,1740.6793685691955,Normal
PRV54575,273,504080,1846.4468864468865,1740.6793685691955,Normal
PRV52343,261,481840,1846.1302681992338,1740.6793685691955,Normal
PRV56719,67,123600,1844.7761194029852,1740.6793685691955,Normal
PRV57124,58,106940,1843.7931034482758,1740.6793685691955,Normal
PRV57322,33,60790,1842.121212121212,1740.6793685691955,Normal
PRV53393,5,9170,1834.0,1740.6793685691955,Normal
PRV55673,60,110000,1833.3333333333333,1740.6793685691955,Normal
PRV55266,25,45740,1829.6,1740.6793685691955,Normal
PRV57728,4,7310,1827.5,1740.6793685691955,Normal
PRV57235,15,27410,1827.3333333333333,1740.6793685691955,Normal
PRV52002,188,343260,1825.8510638297873,1740.6793685691955,Normal
PRV57324,117,213550,1825.2136752136753,1740.6793685691955,Normal
PRV52851,37,67460,1823.2432432432433,1740.6793685691955,Normal
PRV51023,36,65610,1822.5,1740.6793685691955,Normal
PRV54926,47,85620,1821.7021276595744,1740.6793685691955,Normal
PRV54064,122,222200,1821.311475409836,1740.6793685691955,Normal
PRV56793,31,56330,1817.0967741935483,1740.6793685691955,Normal
PRV52566,139,252030,1813.1654676258993,1740.6793685691955,Normal
PRV55755,86,155920,1813.0232558139535,1740.6793685691955,Normal
PRV53963,39,70660,1811.7948717948718,1740.6793685691955,Normal
PRV51568,58,105010,1810.5172413793102,1740.6793685691955,Normal
PRV52509,63,113850,1807.142857142857,1740.6793685691955,Normal
PRV54757,65,117290,1804.4615384615386,1740.6793685691955,Normal
PRV54078,119,214380,1801.5126050420167,1740.6793685691955,Normal
PRV52347,397,715090,1801.2342569269522,1740.6793685691955,Normal
PRV54889,56,100580,1796.0714285714287,1740.6793685691955,Normal
PRV53129,46,82550,1794.5652173913043,1740.6793685691955,Normal
PRV54106,39,69910,1792.5641025641025,1740.6793685691955,Normal
PRV57112,160,286220,1788.875,1740.6793685691955,Normal
PRV53120,65,115950,1783.8461538461538,1740.6793685691955,Normal
PRV52467,103,183660,1783.106796116505,1740.6793685691955,Normal
PRV53247,37,65960,1782.7027027027027,1740.6793685691955,Normal
PRV51252,87,154930,1780.8045977011495,1740.6793685691955,Normal
PRV56589,24,42650,1777.0833333333333,1740.6793685691955,Normal
PRV57174,54,95930,1776.4814814814815,1740.6793685691955,Normal
PRV55918,10,17760,1776.0,1740.6793685691955,Normal
PRV54542,20,35420,1771.0,1740.6793685691955,Normal
PRV56800,57,100830,1768.9473684210527,1740.6793685691955,Normal
PRV54076,52,91970,1768.6538461538462,1740.6793685691955,Normal
PRV55850,236,416040,1762.8813559322034,1740.6793685691955,Normal
PRV57732,50,88140,1762.8,1740.6793685691955,Normal
PRV52991,59,103970,1762.2033898305085,1740.6793685691955,Normal
PRV51444,42,73920,1760.0,1740.6793685691955,Normal
PRV56040,13,22850,1757.6923076923076,1740.6793685691955,Normal
PRV53762,618,1082730,1751.990291262136,1740.6793685691955,Normal
PRV55634,2,3500,1750.0,1740.6793685691955,Normal
PRV54333,360,629430,1748.4166666666667,1740.6793685691955,Normal
PRV55434,40,69800,1745.0,1740.6793685691955,Normal
PRV53923,155,270400,1744.516129032258,1740.6793685691955,Normal
PRV57717,114,197830,1735.3508771929824,1740.6793685691955,Normal
PRV57438,14,24180,1727.142857142857,1740.6793685691955,Normal
PRV51627,26,44860,1725.3846153846155,1740.6793685691955,Normal
PRV56416,1592,2744870,1724.1645728643216,1740.6793685691955,Normal
PRV51342,207,356780,1723.574879227053,1740.6793685691955,Normal
PRV51956,14,24110,1722.142857142857,1740.6793685691955,Normal
PRV53424,263,452390,1720.1140684410645,1740.6793685691955,Normal
PRV54916,107,183750,1717.2897196261683,1740.6793685691955,Normal
PRV52617,238,407900,1713.8655462184875,1740.6793685691955,Normal
PRV56711,63,107950,1713.4920634920634,1740.6793685691955,Normal
PRV56578,81,138730,1712.716049382716,1740.6793685691955,Normal
PRV56811,62,106050,1710.483870967742,1740.6793685691955,Normal
PRV52334,67,113980,1701.1940298507463,1740.6793685691955,Normal
PRV51475,43,73130,1700.6976744186047,1740.6793685691955,Normal
PRV51689,1,1700,1700.0,1740.6793685691955,Normal
PRV52607,2,3400,1700.0,1740.6793685691955,Normal
PRV53034,2,3400,1700.0,1740.6793685691955,Normal
PRV55610,1,1700,1700.0,1740.6793685691955,Normal
PRV55657,1,1700,1700.0,1740.6793685691955,Normal
PRV56662,9,15290,1698.888888888889,1740.6793685691955,Normal
PRV56210,150,254720,1698.1333333333334,1740.6793685691955,Normal
PRV53295,197,333990,1695.3807106598986,1740.6793685691955,Normal
PRV55832,284,481100,1694.0140845070423,1740.6793685691955,Normal
PRV54090,190,320740,1688.1052631578948,1740.6793685691955,Normal
PRV54977,53,89140,1681.8867924528302,1740.6793685691955,Normal
PRV56265,126,211760,1680.6349206349207,1740.6793685691955,Normal
PRV54084,49,82310,1679.795918367347,1740.6793685691955,Normal
PRV53635,54,90660,1678.888888888889,1740.6793685691955,Normal
PRV54328,117,195980,1675.042735042735,1740.6793685691955,Normal
PRV56476,4,6700,1675.0,1740.6793685691955,Normal
PRV51557,10,16740,1674.0,1740.6793685691955,Normal
PRV57204,133,221970,1668.9473684210527,1740.6793685691955,Normal
PRV54891,50,83380,1667.6,1740.6793685691955,Normal
PRV55707,33,55020,1667.2727272727273,1740.6793685691955,Normal
PRV54514,387,644010,1664.108527131783,1740.6793685691955,Normal
PRV54377,20,33110,1655.5,1740.6793685691955,Normal
PRV57230,181,299570,1655.0828729281768,1740.6793685691955,Normal
PRV54251,47,77590,1650.8510638297873,1740.6793685691955,Normal
PRV55171,247,407360,1649.2307692307693,1740.6793685691955,Normal
PRV56256,55,90650,1648.1818181818182,1740.6793685691955,Normal
PRV52124,115,189250,1645.6521739130435,1740.6793685691955,Normal
PRV51024,39,64050,1642.3076923076924,1740.6793685691955,Normal
PRV57179,206,337460,1638.1553398058252,1740.6793685691955,Normal
PRV52717,129,211130,1636.6666666666667,1740.6793685691955,Normal
PRV52192,32,52060,1626.875,1740.6793685691955,Normal
PRV53314,57,92490,1622.6315789473683,1740.6793685691955,Normal
PRV57191,1500,2424430,1616.2866666666666,1740.6793685691955,Normal
PRV57404,46,74250,1614.1304347826087,1740.6793685691955,Normal
PRV54924,173,279220,1613.9884393063585,1740.6793685691955,Normal
PRV55516,158,254930,1613.4810126582279,1740.6793685691955,Normal
PRV54062,11,17730,1611.8181818181818,1740.6793685691955,Normal
PRV51436,120,193410,1611.75,1740.6793685691955,Normal
PRV55732,111,178660,1609.5495495495495,1740.6793685691955,Normal
PRV57558,57,91590,1606.842105263158,1740.6793685691955,Normal
PRV51554,6,9640,1606.6666666666667,1740.6793685691955,Normal
PRV53710,385,615000,1597.4025974025974,1740.6793685691955,Normal
PRV56701,23,36680,1594.7826086956522,1740.6793685691955,Normal
PRV52890,22,34950,1588.6363636363637,1740.6793685691955,Normal
PRV52155,62,98490,1588.5483870967741,1740.6793685691955,Normal
PRV51539,538,854240,1587.806691449814,1740.6793685691955,Normal
PRV54832,60,95240,1587.3333333333333,1740.6793685691955,Normal
PRV52120,1231,1950720,1584.6628757108042,1740.6793685691955,Normal
PRV52165,72,114060,1584.1666666666667,1740.6793685691955,Normal
PRV54384,28,44280,1581.4285714285713,1740.6793685691955,Normal
PRV55392,192,302110,1573.4895833333333,1740.6793685691955,Normal
PRV56352,24,37730,1572.0833333333333,1740.6793685691955,Normal
PRV54735,38,59710,1571.3157894736842,1740.6793685691955,Normal
PRV53432,122,191580,1570.327868852459,1740.6793685691955,Normal
PRV54742,1892,2969530,1569.5190274841439,1740.6793685691955,Normal
PRV56449,135,211880,1569.4814814814815,1740.6793685691955,Normal
PRV55583,12,18820,1568.3333333333333,1740.6793685691955,Normal
PRV51240,60,94020,1567.0,1740.6793685691955,Normal
PRV56720,12,18750,1562.5,1740.6793685691955,Normal
PRV53248,57,88890,1559.4736842105262,1740.6793685691955,Normal
PRV56236,36,56080,1557.7777777777778,1740.6793685691955,Normal
PRV55164,154,239760,1556.8831168831168,1740.6793685691955,Normal
PRV57350,46,71390,1551.9565217391305,1740.6793685691955,Normal
PRV52468,21,32450,1545.2380952380952,1740.6793685691955,Normal
PRV57331,141,217200,1540.4255319148936,1740.6793685691955,Normal
PRV52348,67,102790,1534.1791044776119,1740.6793685691955,Normal
PRV56603,4,6120,1530.0,1740.6793685691955,Normal
PRV52089,145,221580,1528.1379310344828,1740.6793685691955,Normal
PRV56769,23,35120,1526.9565217391305,1740.6793685691955,Normal
PRV55000,764,1166020,1526.2041884816754,1740.6793685691955,Normal
PRV51093,9,13710,1523.3333333333333,1740.6793685691955,Normal
PRV51932,21,31970,1522.3809523809523,1740.6793685691955,Normal
PRV51244,1415,2153990,1522.2544169611308,1740.6793685691955,Normal
PRV57158,271,411610,1518.8560885608856,1740.6793685691955,Normal
PRV52869,62,94120,1518.0645161290322,1740.6793685691955,Normal
PRV52130,93,141100,1517.2043010752689,1740.6793685691955,Normal
PRV51552,62,94040,1516.774193548387,1740.6793685691955,Normal
PRV56231,270,408720,1513.7777777777778,1740.6793685691955,Normal
PRV53465,23,34750,1510.8695652173913,1740.6793685691955,Normal
PRV52687,41,61920,1510.2439024390244,1740.6793685691955,Normal
PRV52547,2,3020,1510.0,1740.6793685691955,Normal
PRV56773,43,64730,1505.3488372093022,1740.6793685691955,Normal
PRV51576,65,97780,1504.3076923076924,1740.6793685691955,Normal
PRV57177,564,848370,1504.2021276595744,1740.6793685691955,Normal
PRV51241,60,90210,1503.5,1740.6793685691955,Normal
PRV52922,33,49510,1500.3030303030303,1740.6793685691955,Normal
PRV55622,1,1500,1500.0,1740.6793685691955,Normal
PRV57609,2,3000,1500.0,1740.6793685691955,Normal
PRV51440,71,106380,1498.3098591549297,1740.6793685691955,Normal
PRV55836,82,122790,1497.439024390244,1740.6793685691955,Normal
PRV57108,49,73170,1493.265306122449,1740.6793685691955,Normal
PRV51260,62,92390,1490.1612903225807,1740.6793685691955,Normal
PRV53243,75,111760,1490.1333333333334,1740.6793685691955,Normal
PRV56839,12,17870,1489.1666666666667,1740.6793685691955,Normal
PRV52171,12,17820,1485.0,1740.6793685691955,Normal
PRV51148,330,488660,1480.7878787878788,1740.6793685691955,Normal
PRV52480,30,44350,1478.3333333333333,1740.6793685691955,Normal
PRV56606,64,94550,1477.34375,1740.6793685691955,Normal
PRV51609,75,110790,1477.2,1740.6793685691955,Normal
PRV56411,75,110650,1475.3333333333333,1740.6793685691955,Normal
PRV51352,4,5900,1475.0,1740.6793685691955,Normal
PRV53245,146,214800,1471.2328767123288,1740.6793685691955,Normal
PRV57600,51,75000,1470.5882352941176,1740.6793685691955,Normal
PRV54691,67,98310,1467.313432835821,1740.6793685691955,Normal
PRV53119,18,26410,1467.2222222222222,1740.6793685691955,Normal
PRV53389,13,19070,1466.923076923077,1740.6793685691955,Normal
PRV51435,23,33620,1461.7391304347825,1740.6793685691955,Normal
PRV57642,220,321470,1461.2272727272727,1740.6793685691955,Normal
PRV54882,253,369680,1461.1857707509882,1740.6793685691955,Normal
PRV57205,93,135680,1458.9247311827958,1740.6793685691955,Normal
PRV57543,354,516360,1458.6440677966102,1740.6793685691955,Normal
PRV52340,1743,2540130,1457.3321858864028,1740.6793685691955,Normal
PRV52167,80,116390,1454.875,1740.6793685691955,Normal
PRV54505,38,55140,1451.0526315789473,1740.6793685691955,Normal
PRV55642,2,2900,1450.0,1740.6793685691955,Normal
PRV54561,186,269670,1449.8387096774193,1740.6793685691955,Normal
PRV53108,48,69450,1446.875,1740.6793685691955,Normal
PRV52855,22,31800,1445.4545454545455,1740.6793685691955,Normal
PRV53448,64,92430,1444.21875,1740.6793685691955,Normal
PRV52170,43,62090,1443.953488372093,1740.6793685691955,Normal
PRV55208,53,76300,1439.622641509434,1740.6793685691955,Normal
PRV51606,46,66100,1436.9565217391305,1740.6793685691955,Normal
PRV52150,310,445240,1436.258064516129,1740.6793685691955,Normal
PRV56715,13,18670,1436.1538461538462,1740.6793685691955,Normal
PRV51572,4,5710,1427.5,1740.6793685691955,Normal
PRV56717,8,11400,1425.0,1740.6793685691955,Normal
PRV51164,391,556980,1424.5012787723786,1740.6793685691955,Normal
PRV52938,3,4270,1423.3333333333333,1740.6793685691955,Normal
PRV53873,82,116650,1422.560975609756,1740.6793685691955,Normal
PRV52518,51,72340,1418.4313725490197,1740.6793685691955,Normal
PRV51851,472,669490,1418.4110169491526,1740.6793685691955,Normal
PRV54965,107,151480,1415.7009345794393,1740.6793685691955,Normal
PRV55031,32,45300,1415.625,1740.6793685691955,Normal
PRV54380,12,16940,1411.6666666666667,1740.6793685691955,Normal
PRV57129,282,397490,1409.5390070921985,1740.6793685691955,Normal
PRV52063,792,1116210,1409.3560606060605,1740.6793685691955,Normal
PRV51383,77,108490,1408.9610389610389,1740.6793685691955,Normal
PRV57101,263,369680,1405.6273764258556,1740.6793685691955,Normal
PRV55305,3,4210,1403.3333333333333,1740.6793685691955,Normal
PRV55169,721,1011760,1403.2732316227462,1740.6793685691955,Normal
PRV51159,569,797790,1402.091388400703,1740.6793685691955,Normal
PRV57196,68,94830,1394.5588235294117,1740.6793685691955,Normal
PRV56575,830,1154530,1391.0,1740.6793685691955,Normal
PRV56468,34,47270,1390.2941176470588,1740.6793685691955,Normal
PRV56560,2313,3212000,1388.672719412019,1740.6793685691955,Normal
PRV55972,110,152520,1386.5454545454545,1740.6793685691955,Normal
PRV52572,3,4150,1383.3333333333333,1740.6793685691955,Normal
PRV52147,211,291500,1381.516587677725,1740.6793685691955,Normal
PRV53677,562,773150,1375.711743772242,1740.6793685691955,Normal
PRV52602,79,108520,1373.6708860759493,1740.6793685691955,Normal
PRV52519,100,137180,1371.8,1740.6793685691955,Normal
PRV55165,241,329870,1368.7551867219918,1740.6793685691955,Normal
PRV52079,33,45100,1366.6666666666667,1740.6793685691955,Normal
PRV51057,5,6830,1366.0,1740.6793685691955,Normal
PRV53272,24,32660,1360.8333333333333,1740.6793685691955,Normal
PRV51025,87,118350,1360.344827586207,1740.6793685691955,Normal
PRV54697,8,10880,1360.0,1740.6793685691955,Normal
PRV51021,257,348830,1357.3151750972763,1740.6793685691955,Normal
PRV51349,30,40480,1349.3333333333333,1740.6793685691955,Normal
PRV56044,260,350770,1349.1153846153845,1740.6793685691955,Normal
PRV55714,22,29640,1347.2727272727273,1740.6793685691955,Normal
PRV57031,152,203600,1339.4736842105262,1740.6793685691955,Normal
PRV53159,27,36160,1339.2592592592594,1740.6793685691955,Normal
PRV54402,56,74520,1330.7142857142858,1740.6793685691955,Normal
PRV53256,345,458710,1329.5942028985507,1740.6793685691955,Normal
PRV56712,4,5310,1327.5,1740.6793685691955,Normal
PRV55399,27,35790,1325.5555555555557,1740.6793685691955,Normal
PRV51470,27,35590,1318.148148148148,1740.6793685691955,Normal
PRV52691,17,22380,1316.4705882352941,1740.6793685691955,Normal
PRV57301,32,42090,1315.3125,1740.6793685691955,Normal
PRV56562,37,48650,1314.8648648648648,1740.6793685691955,Normal
PRV53385,1037,1362570,1313.953712632594,1740.6793685691955,Normal
PRV53320,62,81340,1311.9354838709678,1740.6793685691955,Normal
PRV51282,59,77330,1310.677966101695,1740.6793685691955,Normal
PRV54276,77,100810,1309.2207792207791,1740.6793685691955,Normal
PRV57712,9,11770,1307.7777777777778,1740.6793685691955,Normal
PRV52999,56,73210,1307.3214285714287,1740.6793685691955,Normal
PRV51377,95,123950,1304.7368421052631,1740.6793685691955,Normal
PRV52708,31,40400,1303.225806451613,1740.6793685691955,Normal
PRV53790,493,642230,1302.6977687626775,1740.6793685691955,Normal
PRV54885,316,411400,1301.8987341772151,1740.6793685691955,Normal
PRV52366,216,280880,1300.3703703703704,1740.6793685691955,Normal
PRV56473,55,71310,1296.5454545454545,1740.6793685691955,Normal
PRV57216,82,106260,1295.8536585365853,1740.6793685691955,Normal
PRV56225,588,761100,1294.3877551020407,1740.6793685691955,Normal
PRV56423,12,15490,1290.8333333333333,1740.6793685691955,Normal
PRV51058,83,107030,1289.5180722891566,1740.6793685691955,Normal
PRV51296,30,38630,1287.6666666666667,1740.6793685691955,Normal
PRV51637,34,43440,1277.6470588235295,1740.6793685691955,Normal
PRV52706,26,33190,1276.5384615384614,1740.6793685691955,Normal
PRV54949,412,525140,1274.611650485437,1740.6793685691955,Normal
PRV56263,18,22940,1274.4444444444443,1740.6793685691955,Normal
PRV51357,161,205130,1274.0993788819876,1740.6793685691955,Normal
PRV52180,62,78720,1269.6774193548388,1740.6793685691955,Normal
PRV51070,99,125410,1266.7676767676767,1740.6793685691955,Normal
PRV54381,129,163410,1266.7441860465117,1740.6793685691955,Normal
PRV55588,3,3800,1266.6666666666667,1740.6793685691955,Normal
PRV54342,35,44280,1265.142857142857,1740.6793685691955,Normal
PRV53405,189,239010,1264.6031746031747,1740.6793685691955,Normal
PRV57382,79,99810,1263.4177215189873,1740.6793685691955,Normal
PRV53892,119,150340,1263.361344537815,1740.6793685691955,Normal
PRV56020,155,195770,1263.032258064516,1740.6793685691955,Normal
PRV54971,429,541030,1261.1421911421912,1740.6793685691955,Normal
PRV51869,21,26480,1260.952380952381,1740.6793685691955,Normal
PRV54293,2,2520,1260.0,1740.6793685691955,Normal
PRV53013,4,5030,1257.5,1740.6793685691955,Normal
PRV54830,11,13810,1255.4545454545455,1740.6793685691955,Normal
PRV52865,66,82790,1254.3939393939395,1740.6793685691955,Normal
PRV51415,51,63690,1248.8235294117646,1740.6793685691955,Normal
PRV53613,135,168350,1247.037037037037,1740.6793685691955,Normal
PRV54728,11,13690,1244.5454545454545,1740.6793685691955,Normal
PRV56179,8,9950,1243.75,1740.6793685691955,Normal
PRV51525,61,75770,1242.1311475409836,1740.6793685691955,Normal
PRV56220,15,18610,1240.6666666666667,1740.6793685691955,Normal
PRV53894,217,268080,1235.3917050691243,1740.6793685691955,Normal
PRV55027,156,191990,1230.7051282051282,1740.6793685691955,Normal
PRV55854,2,2460,1230.0,1740.6793685691955,Normal
PRV52985,1403,1720120,1226.0299358517464,1740.6793685691955,Normal
PRV51139,43,52580,1222.7906976744187,1740.6793685691955,Normal
PRV51301,112,136910,1222.4107142857142,1740.6793685691955,Normal
PRV57157,156,190460,1220.8974358974358,1740.6793685691955,Normal
PRV55256,28,34150,1219.642857142857,1740.6793685691955,Normal
PRV54952,149,181650,1219.1275167785234,1740.6793685691955,Normal
PRV51540,55,66940,1217.090909090909,1740.6793685691955,Normal
PRV55710,40,48680,1217.0,1740.6793685691955,Normal
PRV52723,181,219760,1214.1436464088397,1740.6793685691955,Normal
PRV51855,120,145170,1209.75,1740.6793685691955,Normal
PRV55769,15,18000,1200.0,1740.6793685691955,Normal
PRV57104,135,161630,1197.2592592592594,1740.6793685691955,Normal
PRV53268,74,88230,1192.2972972972973,1740.6793685691955,Normal
PRV54359,490,584210,1192.265306122449,1740.6793685691955,Normal
PRV55675,83,98840,1190.8433734939758,1740.6793685691955,Normal
PRV56083,3,3570,1190.0,1740.6793685691955,Normal
PRV51064,303,360320,1189.1749174917493,1740.6793685691955,Normal
PRV51719,4,4740,1185.0,1740.6793685691955,Normal
PRV54209,151,178900,1184.76821192053,1740.6793685691955,Normal
PRV51508,202,239050,1183.4158415841584,1740.6793685691955,Normal
PRV54867,3,3550,1183.3333333333333,1740.6793685691955,Normal
PRV52077,1156,1364150,1180.060553633218,1740.6793685691955,Normal
PRV52081,24,28270,1177.9166666666667,1740.6793685691955,Normal
PRV53101,8,9410,1176.25,1740.6793685691955,Normal
PRV56461,115,135180,1175.4782608695652,1740.6793685691955,Normal
PRV57115,12,14050,1170.8333333333333,1740.6793685691955,Normal
PRV56408,68,79570,1170.1470588235295,1740.6793685691955,Normal
PRV54997,34,39770,1169.7058823529412,1740.6793685691955,Normal
PRV54339,123,143870,1169.6747967479675,1740.6793685691955,Normal
PRV51285,168,196120,1167.3809523809523,1740.6793685691955,Normal
PRV56879,7,8140,1162.857142857143,1740.6793685691955,Normal
PRV52845,231,268340,1161.6450216450216,1740.6793685691955,Normal
PRV56747,16,18530,1158.125,1740.6793685691955,Normal
PRV57197,100,115540,1155.4,1740.6793685691955,Normal
PRV54228,352,406000,1153.409090909091,1740.6793685691955,Normal
PRV53472,3,3440,1146.6666666666667,1740.6793685691955,Normal
PRV52074,141,161600,1146.099290780142,1740.6793685691955,Normal
PRV52317,25,28590,1143.6,1740.6793685691955,Normal
PRV52583,208,237790,1143.2211538461538,1740.6793685691955,Normal
PRV55250,301,343940,1142.6578073089702,1740.6793685691955,Normal
PRV53319,114,130220,1142.280701754386,1740.6793685691955,Normal
PRV55414,12,13670,1139.1666666666667,1740.6793685691955,Normal
PRV53413,30,34040,1134.6666666666667,1740.6793685691955,Normal
PRV53305,19,21440,1128.421052631579,1740.6793685691955,Normal
PRV55237,117,131700,1125.6410256410256,1740.6793685691955,Normal
PRV57523,151,169960,1125.5629139072848,1740.6793685691955,Normal
PRV56101,5,5620,1124.0,1740.6793685691955,Normal
PRV55828,24,26970,1123.75,1740.6793685691955,Normal
PRV54335,219,245690,1121.8721461187215,1740.6793685691955,Normal
PRV52331,61,68430,1121.8032786885246,1740.6793685691955,Normal
PRV51476,18,20180,1121.111111111111,1740.6793685691955,Normal
PRV57690,4,4480,1120.0,1740.6793685691955,Normal
PRV53103,79,88440,1119.493670886076,1740.6793685691955,Normal
PRV51266,92,102900,1118.4782608695652,1740.6793685691955,Normal
PRV52114,1269,1418220,1117.5886524822695,1740.6793685691955,Normal
PRV53483,18,20080,1115.5555555555557,1740.6793685691955,Normal
PRV52032,627,698640,1114.2583732057417,1740.6793685691955,Normal
PRV57303,105,116860,1112.952380952381,1740.6793685691955,Normal
PRV53438,61,67830,1111.967213114754,1740.6793685691955,Normal
PRV55555,50,55450,1109.0,1740.6793685691955,Normal
PRV53449,9,9980,1108.888888888889,1740.6793685691955,Normal
PRV51578,1500,1662920,1108.6133333333332,1740.6793685691955,Normal
PRV55040,6,6630,1105.0,1740.6793685691955,Normal
PRV51297,70,77090,1101.2857142857142,1740.6793685691955,Normal
PRV51515,48,52800,1100.0,1740.6793685691955,Normal
PRV54436,2,2200,1100.0,1740.6793685691955,Normal
PRV52699,12,13150,1095.8333333333333,1740.6793685691955,Normal
PRV53157,2,2190,1095.0,1740.6793685691955,Normal
PRV53201,13,14220,1093.8461538461538,1740.6793685691955,Normal
PRV54743,80,87470,1093.375,1740.6793685691955,Normal
PRV56628,101,110420,1093.2673267326732,1740.6793685691955,Normal
PRV57521,111,121150,1091.4414414414414,1740.6793685691955,Normal
PRV56166,8,8720,1090.0,1740.6793685691955,Normal
PRV52017,280,304770,1088.4642857142858,1740.6793685691955,Normal
PRV51522,190,206780,1088.3157894736842,1740.6793685691955,Normal
PRV55990,231,251100,1087.012987012987,1740.6793685691955,Normal
PRV51035,30,32560,1085.3333333333333,1740.6793685691955,Normal
PRV55028,223,241790,1084.2600896860986,1740.6793685691955,Normal
PRV57173,1225,1326410,1082.7836734693878,1740.6793685691955,Normal
PRV51414,28,30230,1079.642857142857,1740.6793685691955,Normal
PRV56685,405,435290,1074.79012345679,1740.6793685691955,Normal
PRV57165,37,39720,1073.5135135135135,1740.6793685691955,Normal
PRV53941,77,82160,1067.012987012987,1740.6793685691955,Normal
PRV55821,195,207970,1066.5128205128206,1740.6793685691955,Normal
PRV53298,63,67130,1065.5555555555557,1740.6793685691955,Normal
PRV52149,180,191550,1064.1666666666667,1740.6793685691955,Normal
PRV52584,54,57460,1064.0740740740741,1740.6793685691955,Normal
PRV52159,271,288300,1063.8376383763837,1740.6793685691955,Normal
PRV55229,243,257520,1059.7530864197531,1740.6793685691955,Normal
PRV54414,30,31780,1059.3333333333333,1740.6793685691955,Normal
PRV52111,85,89960,1058.3529411764705,1740.6793685691955,Normal
PRV53878,46,48670,1058.0434782608695,1740.6793685691955,Normal
PRV57530,478,505590,1057.7196652719665,1740.6793685691955,Normal
PRV57565,6,6340,1056.6666666666667,1740.6793685691955,Normal
PRV51242,111,117200,1055.855855855856,1740.6793685691955,Normal
PRV51074,39,41170,1055.6410256410256,1740.6793685691955,Normal
PRV54145,6,6320,1053.3333333333333,1740.6793685691955,Normal
PRV52024,2,2100,1050.0,1740.6793685691955,Normal
PRV52499,157,164670,1048.8535031847134,1740.6793685691955,Normal
PRV52107,119,124760,1048.4033613445379,1740.6793685691955,Normal
PRV56235,171,178900,1046.1988304093568,1740.6793685691955,Normal
PRV52562,87,90620,1041.6091954022988,1740.6793685691955,Normal
PRV51060,42,43710,1040.7142857142858,1740.6793685691955,Normal
PRV55765,20,20790,1039.5,1740.6793685691955,Normal
PRV51679,38,39420,1037.3684210526317,1740.6793685691955,Normal
PRV53168,2,2070,1035.0,1740.6793685691955,Normal
PRV52565,137,141640,1033.8686131386862,1740.6793685691955,Normal
PRV57682,3,3100,1033.3333333333333,1740.6793685691955,Normal
PRV53283,97,100220,1033.1958762886597,1740.6793685691955,Normal
PRV51066,24,24790,1032.9166666666667,1740.6793685691955,Normal
PRV51632,26,26850,1032.6923076923076,1740.6793685691955,Normal
PRV52944,4,4120,1030.0,1740.6793685691955,Normal
PRV56809,44,45270,1028.8636363636363,1740.6793685691955,Normal
PRV56751,84,86410,1028.6904761904761,1740.6793685691955,Normal
PRV51607,15,15410,1027.3333333333333,1740.6793685691955,Normal
PRV54759,44,45140,1025.909090909091,1740.6793685691955,Normal
PRV55003,76,77850,1024.342105263158,1740.6793685691955,Normal
PRV54943,23,23450,1019.5652173913044,1740.6793685691955,Normal
PRV55042,124,126300,1018.5483870967741,1740.6793685691955,Normal
PRV54624,10,10180,1018.0,1740.6793685691955,Normal
PRV55737,257,261570,1017.7821011673152,1740.6793685691955,Normal
PRV56243,909,922780,1015.1595159515952,1740.6793685691955,Normal
PRV54522,2,2030,1015.0,1740.6793685691955,Normal
PRV53252,77,78090,1014.1558441558442,1740.6793685691955,Normal
PRV51427,58,58770,1013.2758620689655,1740.6793685691955,Normal
PRV57182,76,77000,1013.1578947368421,1740.6793685691955,Normal
PRV52419,112,113470,1013.125,1740.6793685691955,Normal
PRV51089,228,230900,1012.719298245614,1740.6793685691955,Normal
PRV54776,37,37450,1012.1621621621622,1740.6793685691955,Normal
PRV53388,122,123340,1010.983606557377,1740.6793685691955,Normal
PRV51325,15,15140,1009.3333333333334,1740.6793685691955,Normal
PRV57109,86,86790,1009.1860465116279,1740.6793685691955,Normal
PRV54937,36,36260,1007.2222222222222,1740.6793685691955,Normal
PRV57347,145,145560,1003.8620689655172,1740.6793685691955,Normal
PRV54336,232,232060,1000.2586206896551,1740.6793685691955,Normal
PRV56706,347,346360,998.1556195965418,1740.6793685691955,Normal
PRV55933,498,496430,996.847389558233,1740.6793685691955,Normal
PRV51774,3,2990,996.6666666666666,1740.6793685691955,Normal
PRV51393,910,906370,996.010989010989,1740.6793685691955,Normal
PRV55501,13,12940,995.3846153846154,1740.6793685691955,Normal
PRV51558,26,25870,995.0,1740.6793685691955,Normal
PRV56412,112,111360,994.2857142857143,1740.6793685691955,Normal
PRV52378,12,11920,993.3333333333334,1740.6793685691955,Normal
PRV55213,81,80390,992.4691358024692,1740.6793685691955,Normal
PRV52029,168,166610,991.7261904761905,1740.6793685691955,Normal
PRV56722,25,24770,990.8,1740.6793685691955,Normal
PRV56458,54,53410,989.074074074074,1740.6793685691955,Normal
PRV57561,17,16810,988.8235294117648,1740.6793685691955,Normal
PRV56407,40,39500,987.5,1740.6793685691955,Normal
PRV51622,103,101690,987.2815533980582,1740.6793685691955,Normal
PRV54767,63,62080,985.3968253968254,1740.6793685691955,Normal
PRV51055,22,21640,983.6363636363636,1740.6793685691955,Normal
PRV54726,34,33290,979.1176470588235,1740.6793685691955,Normal
PRV52880,20,19560,978.0,1740.6793685691955,Normal
PRV51613,21,20450,973.8095238095239,1740.6793685691955,Normal
PRV53161,7,6810,972.8571428571429,1740.6793685691955,Normal
PRV53121,579,562270,971.1053540587219,1740.6793685691955,Normal
PRV57203,47,45610,970.4255319148937,1740.6793685691955,Normal
PRV55851,45,43640,969.7777777777778,1740.6793685691955,Normal
PRV51635,29,28120,969.6551724137931,1740.6793685691955,Normal
PRV56556,880,852530,968.7840909090909,1740.6793685691955,Normal
PRV52473,4,3870,967.5,1740.6793685691955,Normal
PRV52350,40,38660,966.5,1740.6793685691955,Normal
PRV56710,67,64690,965.5223880597015,1740.6793685691955,Normal
PRV54890,77,74320,965.1948051948052,1740.6793685691955,Normal
PRV53009,37,35620,962.7027027027027,1740.6793685691955,Normal
PRV56470,37,35610,962.4324324324324,1740.6793685691955,Normal
PRV51929,111,106630,960.6306306306307,1740.6793685691955,Normal
PRV55864,89,85400,959.5505617977528,1740.6793685691955,Normal
PRV53632,15,14380,958.6666666666666,1740.6793685691955,Normal
PRV54568,56,53640,957.8571428571429,1740.6793685691955,Normal
PRV54350,1495,1425070,953.2240802675585,1740.6793685691955,Normal
PRV51491,71,67480,950.4225352112676,1740.6793685691955,Normal
PRV56789,67,63510,947.9104477611941,1740.6793685691955,Normal
PRV52647,75,71070,947.6,1740.6793685691955,Normal
PRV56591,143,135460,947.2727272727273,1740.6793685691955,Normal
PRV53358,3,2840,946.6666666666666,1740.6793685691955,Normal
PRV56207,95,89520,942.3157894736842,1740.6793685691955,Normal
PRV55181,439,413360,941.5945330296128,1740.6793685691955,Normal
PRV52357,105,98830,941.2380952380952,1740.6793685691955,Normal
PRV51657,4,3760,940.0,1740.6793685691955,Normal
PRV56830,7,6580,940.0,1740.6793685691955,Normal
PRV55951,448,421000,939.7321428571429,1740.6793685691955,Normal
PRV52057,185,173770,939.2972972972973,1740.6793685691955,Normal
PRV52121,53,49610,936.0377358490566,1740.6793685691955,Normal
PRV55743,69,64530,935.2173913043479,1740.6793685691955,Normal
PRV53144,39,36460,934.8717948717949,1740.6793685691955,Normal
PRV55742,75,70050,934.0,1740.6793685691955,Normal
PRV57121,38,35470,933.421052631579,1740.6793685691955,Normal
PRV52503,78,72800,933.3333333333334,1740.6793685691955,Normal
PRV51140,487,453130,930.4517453798768,1740.6793685691955,Normal
PRV52038,259,240630,929.073359073359,1740.6793685691955,Normal
PRV56442,1330,1234150,927.9323308270676,1740.6793685691955,Normal
PRV54686,157,145620,927.515923566879,1740.6793685691955,Normal
PRV56361,114,105550,925.8771929824561,1740.6793685691955,Normal
PRV51168,87,80470,924.9425287356322,1740.6793685691955,Normal
PRV51267,14,12870,919.2857142857143,1740.6793685691955,Normal
PRV52144,134,123130,918.8805970149253,1740.6793685691955,Normal
PRV53244,508,465750,916.8307086614174,1740.6793685691955,Normal
PRV54756,19,17390,915.2631578947369,1740.6793685691955,Normal
PRV52912,16,14640,915.0,1740.6793685691955,Normal
PRV53435,6,5490,915.0,1740.6793685691955,Normal
PRV57519,157,143280,912.6114649681529,1740.6793685691955,Normal
PRV53436,18,16420,912.2222222222222,1740.6793685691955,Normal
PRV54959,95,86510,910.6315789473684,1740.6793685691955,Normal
PRV53423,53,48240,910.188679245283,1740.6793685691955,Normal
PRV54245,173,157450,910.1156069364162,1740.6793685691955,Normal
PRV53357,2,1820,910.0,1740.6793685691955,Normal
PRV55006,41,37250,908.5365853658536,1740.6793685691955,Normal
PRV54233,7,6350,907.1428571428571,1740.6793685691955,Normal
PRV52179,44,39910,907.0454545454545,1740.6793685691955,Normal
PRV55873,57,51670,906.4912280701755,1740.6793685691955,Normal
PRV54621,1,900,900.0,1740.6793685691955,Normal
PRV55094,19,17100,900.0,1740.6793685691955,Normal
PRV55154,1,900,900.0,1740.6793685691955,Normal
PRV56539,1,900,900.0,1740.6793685691955,Normal
PRV57283,1,900,900.0,1740.6793685691955,Normal
PRV57344,480,428700,893.125,1740.6793685691955,Normal
PRV51350,239,213380,892.8033472803347,1740.6793685691955,Normal
PRV57375,81,72220,891.604938271605,1740.6793685691955,Normal
PRV52842,445,396510,891.0337078651686,1740.6793685691955,Normal
PRV55390,26,23150,890.3846153846154,1740.6793685691955,Normal
PRV53075,2,1780,890.0,1740.6793685691955,Normal
PRV56136,8,7120,890.0,1740.6793685691955,Normal
PRV52092,159,141470,889.7484276729559,1740.6793685691955,Normal
PRV51338,128,113860,889.53125,1740.6793685691955,Normal
PRV56632,73,64920,889.3150684931506,1740.6793685691955,Normal
PRV55557,68,60450,888.9705882352941,1740.6793685691955,Normal
PRV52303,392,347340,886.0714285714286,1740.6793685691955,Normal
PRV57110,19,16830,885.7894736842105,1740.6793685691955,Normal
PRV54886,9,7940,882.2222222222222,1740.6793685691955,Normal
PRV51379,22,19340,879.0909090909091,1740.6793685691955,Normal
PRV55029,255,224000,878.4313725490196,1740.6793685691955,Normal
PRV54355,16,14040,877.5,1740.6793685691955,Normal
PRV55518,235,205770,875.6170212765958,1740.6793685691955,Normal
PRV55539,3,2620,873.3333333333334,1740.6793685691955,Normal
PRV51468,159,138670,872.1383647798742,1740.6793685691955,Normal
PRV55848,39,34010,872.0512820512821,1740.6793685691955,Normal
PRV55196,173,150790,871.6184971098265,1740.6793685691955,Normal
PRV56826,24,20870,869.5833333333334,1740.6793685691955,Normal
PRV51123,31,26910,868.0645161290323,1740.6793685691955,Normal
PRV52177,39,33850,867.9487179487179,1740.6793685691955,Normal
PRV53510,16,13880,867.5,1740.6793685691955,Normal
PRV56092,5,4330,866.0,1740.6793685691955,Normal
PRV51040,86,74470,865.9302325581396,1740.6793685691955,Normal
PRV54099,217,187860,865.7142857142857,1740.6793685691955,Normal
PRV53211,4,3460,865.0,1740.6793685691955,Normal
PRV54541,7,6050,864.2857142857143,1740.6793685691955,Normal
PRV55192,253,218640,864.1897233201581,1740.6793685691955,Normal
PRV51151,233,201300,863.9484978540772,1740.6793685691955,Normal
PRV56682,19,16410,863.6842105263158,1740.6793685691955,Normal
PRV52623,235,202290,860.8085106382979,1740.6793685691955,Normal
PRV51947,28,24090,860.3571428571429,1740.6793685691955,Normal
PRV53437,9,7740,860.0,1740.6793685691955,Normal
PRV53117,251,215370,858.0478087649402,1740.6793685691955,Normal
PRV56860,3,2570,856.6666666666666,1740.6793685691955,Normal
PRV54705,257,219740,855.0194552529183,1740.6793685691955,Normal
PRV52920,17,14530,854.7058823529412,1740.6793685691955,Normal
PRV56766,29,24780,854.4827586206897,1740.6793685691955,Normal
PRV55180,127,108440,853.8582677165355,1740.6793685691955,Normal
PRV55377,4,3410,852.5,1740.6793685691955,Normal
PRV54284,113,96100,850.4424778761062,1740.6793685691955,Normal
PRV54796,2,1700,850.0,1740.6793685691955,Normal
PRV53705,57,48420,849.4736842105264,1740.6793685691955,Normal
PRV57185,186,157400,846.236559139785,1740.6793685691955,Normal
PRV53210,32,27050,845.3125,1740.6793685691955,Normal
PRV56268,1113,940670,845.1662174303684,1740.6793685691955,Normal
PRV55715,864,730210,845.1504629629629,1740.6793685691955,Normal
PRV56304,15,12660,844.0,1740.6793685691955,Normal
PRV53943,109,91800,842.2018348623853,1740.6793685691955,Normal
PRV52052,58,48580,837.5862068965517,1740.6793685691955,Normal
PRV55175,304,254600,837.5,1740.6793685691955,Normal
PRV51596,50,41830,836.6,1740.6793685691955,Normal
PRV52101,15,12500,833.3333333333334,1740.6793685691955,Normal
PRV51090,7,5830,832.8571428571429,1740.6793685691955,Normal
PRV51516,40,33260,831.5,1740.6793685691955,Normal
PRV53471,31,25720,829.6774193548387,1740.6793685691955,Normal
PRV55775,14,11610,829.2857142857143,1740.6793685691955,Normal
PRV53985,197,163330,829.0862944162436,1740.6793685691955,Normal
PRV51518,53,43920,828.6792452830189,1740.6793685691955,Normal
PRV51008,43,35630,828.6046511627907,1740.6793685691955,Normal
PRV52508,37,30640,828.1081081081081,1740.6793685691955,Normal
PRV54772,2115,1751320,828.0472813238771,1740.6793685691955,Normal
PRV53409,34,28130,827.3529411764706,1740.6793685691955,Normal
PRV54667,166,136690,823.433734939759,1740.6793685691955,Normal
PRV53292,41,33700,821.9512195121952,1740.6793685691955,Normal
PRV56671,43,35340,821.8604651162791,1740.6793685691955,Normal
PRV51153,87,71490,821.7241379310345,1740.6793685691955,Normal
PRV57662,3,2460,820.0,1740.6793685691955,Normal
PRV53989,27,22130,819.6296296296297,1740.6793685691955,Normal
PRV51966,3,2450,816.6666666666666,1740.6793685691955,Normal
PRV53172,3,2450,816.6666666666666,1740.6793685691955,Normal
PRV56259,196,160020,816.4285714285714,1740.6793685691955,Normal
PRV51391,177,144400,815.819209039548,1740.6793685691955,Normal
PRV52362,154,125630,815.7792207792207,1740.6793685691955,Normal
PRV52760,5,4070,814.0,1740.6793685691955,Normal
PRV53626,13,10560,812.3076923076923,1740.6793685691955,Normal
PRV53240,6,4860,810.0,1740.6793685691955,Normal
PRV54263,6,4860,810.0,1740.6793685691955,Normal
PRV57194,30,24260,808.6666666666666,1740.6793685691955,Normal
PRV56483,32,25850,807.8125,1740.6793685691955,Normal
PRV54026,3,2420,806.6666666666666,1740.6793685691955,Normal
PRV53048,7,5620,802.8571428571429,1740.6793685691955,Normal
PRV57715,860,688200,800.2325581395348,1740.6793685691955,Normal
PRV54717,3,2400,800.0,1740.6793685691955,Normal
PRV55612,1,800,800.0,1740.6793685691955,Normal
PRV56587,473,377970,799.0909090909091,1740.6793685691955,Normal
PRV53109,28,22290,796.0714285714286,1740.6793685691955,Normal
PRV51344,33,26250,795.4545454545455,1740.6793685691955,Normal
PRV53616,44,34970,794.7727272727273,1740.6793685691955,Normal
PRV52227,7,5560,794.2857142857143,1740.6793685691955,Normal
PRV57569,73,57940,793.6986301369863,1740.6793685691955,Normal
PRV54611,6,4760,793.3333333333334,1740.6793685691955,Normal
PRV56249,1110,875110,788.3873873873874,1740.6793685691955,Normal
PRV51425,33,25990,787.5757575757576,1740.6793685691955,Normal
PRV57172,1760,1386100,787.5568181818181,1740.6793685691955,Normal
PRV54429,65,51170,787.2307692307693,1740.6793685691955,Normal
PRV56247,26,20410,785.0,1740.6793685691955,Normal
PRV51483,77,60400,784.4155844155844,1740.6793685691955,Normal
PRV53429,29,22690,782.4137931034483,1740.6793685691955,Normal
PRV52160,53,41460,782.2641509433962,1740.6793685691955,Normal
PRV51466,74,57860,781.8918918918919,1740.6793685691955,Normal
PRV56796,92,71490,777.0652173913044,1740.6793685691955,Normal
PRV53110,30,23280,776.0,1740.6793685691955,Normal
PRV56484,9,6980,775.5555555555555,1740.6793685691955,Normal
PRV51944,124,96100,775.0,1740.6793685691955,Normal
PRV56278,27,20910,774.4444444444445,1740.6793685691955,Normal
PRV55106,5,3870,774.0,1740.6793685691955,Normal
PRV56283,3,2320,773.3333333333334,1740.6793685691955,Normal
PRV51304,51,39350,771.5686274509804,1740.6793685691955,Normal
PRV52870,589,453380,769.7453310696095,1740.6793685691955,Normal
PRV54693,52,39930,767.8846153846154,1740.6793685691955,Normal
PRV55699,30,22960,765.3333333333334,1740.6793685691955,Normal
PRV54188,4,3060,765.0,1740.6793685691955,Normal
PRV51311,21,16010,762.3809523809524,1740.6793685691955,Normal
PRV56388,7,5300,757.1428571428571,1740.6793685691955,Normal
PRV55687,81,61240,756.0493827160494,1740.6793685691955,Normal
PRV56501,232,175190,755.1293103448276,1740.6793685691955,Normal
PRV51037,454,342230,753.8105726872246,1740.6793685691955,Normal
PRV54399,349,263040,753.6962750716332,1740.6793685691955,Normal
PRV56221,305,228340,748.655737704918,1740.6793685691955,Normal
PRV52823,87,65100,748.2758620689655,1740.6793685691955,Normal
PRV54391,318,237230,746.0062893081761,1740.6793685691955,Normal
PRV55494,6,4470,745.0,1740.6793685691955,Normal
PRV51284,377,279860,742.3342175066313,1740.6793685691955,Normal
PRV55216,80,59370,742.125,1740.6793685691955,Normal
PRV52609,133,98690,742.0300751879699,1740.6793685691955,Normal
PRV56316,6,4450,741.6666666666666,1740.6793685691955,Normal
PRV53387,49,36320,741.2244897959183,1740.6793685691955,Normal
PRV51460,452,334480,740.0,1740.6793685691955,Normal
PRV55704,38,28110,739.7368421052631,1740.6793685691955,Normal
PRV57445,30,22150,738.3333333333334,1740.6793685691955,Normal
PRV57211,111,81930,738.1081081081081,1740.6793685691955,Normal
PRV53872,231,170480,738.008658008658,1740.6793685691955,Normal
PRV57304,93,68540,736.989247311828,1740.6793685691955,Normal
PRV53373,3,2210,736.6666666666666,1740.6793685691955,Normal
PRV53238,195,143590,736.3589743589744,1740.6793685691955,Normal
PRV55240,163,119840,735.2147239263803,1740.6793685691955,Normal
PRV53931,55,40410,734.7272727272727,1740.6793685691955,Normal
PRV53128,33,24220,733.939393939394,1740.6793685691955,Normal
PRV57367,11,8070,733.6363636363636,1740.6793685691955,Normal
PRV54783,28,20530,733.2142857142857,1740.6793685691955,Normal
PRV51180,129,94240,730.5426356589147,1740.6793685691955,Normal
PRV51203,21,15340,730.4761904761905,1740.6793685691955,Normal
PRV51048,38,27700,728.9473684210526,1740.6793685691955,Normal
PRV54373,8,5830,728.75,1740.6793685691955,Normal
PRV52315,85,61930,728.5882352941177,1740.6793685691955,Normal
PRV54340,96,69900,728.125,1740.6793685691955,Normal
PRV55158,698,508210,728.0945558739255,1740.6793685691955,Normal
PRV51428,66,48040,727.8787878787879,1740.6793685691955,Normal
PRV51970,35,25410,726.0,1740.6793685691955,Normal
PRV51573,92,66730,725.3260869565217,1740.6793685691955,Normal
PRV57122,14,10140,724.2857142857143,1740.6793685691955,Normal
PRV52887,530,383590,723.7547169811321,1740.6793685691955,Normal
PRV57643,109,78870,723.5779816513761,1740.6793685691955,Normal
PRV56649,266,192350,723.1203007518797,1740.6793685691955,Normal
PRV53179,28,20190,721.0714285714286,1740.6793685691955,Normal
PRV56413,12,8650,720.8333333333334,1740.6793685691955,Normal
PRV53309,63,45260,718.4126984126984,1740.6793685691955,Normal
PRV52162,39,28000,717.9487179487179,1740.6793685691955,Normal
PRV57228,529,379370,717.1455576559546,1740.6793685691955,Normal
PRV55024,46,32980,716.9565217391304,1740.6793685691955,Normal
PRV53431,42,30080,716.1904761904761,1740.6793685691955,Normal
PRV55034,612,435780,712.0588235294117,1740.6793685691955,Normal
PRV51487,13,9240,710.7692307692307,1740.6793685691955,Normal
PRV51130,7,4970,710.0,1740.6793685691955,Normal
PRV53445,7,4940,705.7142857142857,1740.6793685691955,Normal
PRV51426,206,145100,704.3689320388349,1740.6793685691955,Normal
PRV55511,5,3520,704.0,1740.6793685691955,Normal
PRV52298,218,153300,703.2110091743119,1740.6793685691955,Normal
PRV57518,97,68130,702.3711340206186,1740.6793685691955,Normal
PRV53972,74,51920,701.6216216216217,1740.6793685691955,Normal
PRV51954,643,450930,701.2908242612752,1740.6793685691955,Normal
PRV52881,302,211510,700.364238410596,1740.6793685691955,Normal
PRV57446,8,5600,700.0,1740.6793685691955,Normal
PRV53911,536,374480,698.6567164179105,1740.6793685691955,Normal
PRV56626,94,65670,698.6170212765958,1740.6793685691955,Normal
PRV53194,32,22330,697.8125,1740.6793685691955,Normal
PRV52219,4,2780,695.0,1740.6793685691955,Normal
PRV56004,5,3470,694.0,1740.6793685691955,Normal
PRV52166,100,69300,693.0,1740.6793685691955,Normal
PRV54595,11,7620,692.7272727272727,1740.6793685691955,Normal
PRV51890,21,14510,690.952380952381,1740.6793685691955,Normal
PRV51583,47,32430,690.0,1740.6793685691955,Normal
PRV51644,24,16490,687.0833333333334,1740.6793685691955,Normal
PRV54434,42,28830,686.4285714285714,1740.6793685691955,Normal
PRV56772,70,47960,685.1428571428571,1740.6793685691955,Normal
PRV52500,126,86310,685.0,1740.6793685691955,Normal
PRV55609,10,6850,685.0,1740.6793685691955,Normal
PRV55883,8,5480,685.0,1740.6793685691955,Normal
PRV51864,133,91090,684.8872180451128,1740.6793685691955,Normal
PRV56832,11,7520,683.6363636363636,1740.6793685691955,Normal
PRV57246,6,4100,683.3333333333334,1740.6793685691955,Normal
PRV56754,109,74050,679.3577981651376,1740.6793685691955,Normal
PRV55950,11,7470,679.0909090909091,1740.6793685691955,Normal
PRV56607,72,48820,678.0555555555555,1740.6793685691955,Normal
PRV53612,46,31180,677.8260869565217,1740.6793685691955,Normal
PRV52392,127,85980,677.007874015748,1740.6793685691955,Normal
PRV53791,92,62190,675.9782608695652,1740.6793685691955,Normal
PRV56156,69,46620,675.6521739130435,1740.6793685691955,Normal
PRV52703,4,2700,675.0,1740.6793685691955,Normal
PRV56165,19,12810,674.2105263157895,1740.6793685691955,Normal
PRV56026,44,29650,673.8636363636364,1740.6793685691955,Normal
PRV55215,3393,2284560,673.315649867374,1740.6793685691955,Normal
PRV52662,19,12790,673.1578947368421,1740.6793685691955,Normal
PRV53417,171,115090,673.0409356725146,1740.6793685691955,Normal
PRV54247,70,47030,671.8571428571429,1740.6793685691955,Normal
PRV51935,57,38280,671.578947368421,1740.6793685691955,Normal
PRV55943,721,484070,671.3869625520111,1740.6793685691955,Normal
PRV54860,21,14080,670.4761904761905,1740.6793685691955,Normal
PRV54463,3,2010,670.0,1740.6793685691955,Normal
PRV51052,46,30800,669.5652173913044,1740.6793685691955,Normal
PRV57584,43,28760,668.8372093023256,1740.6793685691955,Normal
PRV53100,130,86880,668.3076923076923,1740.6793685691955,Normal
PRV55536,222,148350,668.2432432432432,1740.6793685691955,Normal
PRV51056,22,14700,668.1818181818181,1740.6793685691955,Normal
PRV53958,713,475260,666.5638148667601,1740.6793685691955,Normal
PRV56584,55,36660,666.5454545454545,1740.6793685691955,Normal
PRV51941,27,17990,666.2962962962963,1740.6793685691955,Normal
PRV51132,8,5330,666.25,1740.6793685691955,Normal
PRV51219,8,5330,666.25,1740.6793685691955,Normal
PRV51676,138,91920,666.0869565217391,1740.6793685691955,Normal
PRV53731,4,2660,665.0,1740.6793685691955,Normal
PRV53757,56,37230,664.8214285714286,1740.6793685691955,Normal
PRV51950,69,45770,663.3333333333334,1740.6793685691955,Normal
PRV52231,6,3980,663.3333333333334,1740.6793685691955,Normal
PRV53775,47,31170,663.1914893617021,1740.6793685691955,Normal
PRV57545,61,40430,662.7868852459017,1740.6793685691955,Normal
PRV56355,115,76130,662.0,1740.6793685691955,Normal
PRV55833,144,94850,658.6805555555555,1740.6793685691955,Normal
PRV51846,29,19070,657.5862068965517,1740.6793685691955,Normal
PRV55543,141,92600,656.7375886524823,1740.6793685691955,Normal
PRV54125,11,7180,652.7272727272727,1740.6793685691955,Normal
PRV56437,719,469300,652.712100139082,1740.6793685691955,Normal
PRV51605,72,46990,652.6388888888889,1740.6793685691955,Normal
PRV54992,18,11710,650.5555555555555,1740.6793685691955,Normal
PRV51727,3,1950,650.0,1740.6793685691955,Normal
PRV53723,6,3900,650.0,1740.6793685691955,Normal
PRV57443,52,33790,649.8076923076923,1740.6793685691955,Normal
PRV53473,11,7140,649.0909090909091,1740.6793685691955,Normal
PRV51908,22,14270,648.6363636363636,1740.6793685691955,Normal
PRV53620,128,82850,647.265625,1740.6793685691955,Normal
PRV53394,1215,785420,646.4362139917696,1740.6793685691955,Normal
PRV54579,2,1290,645.0,1740.6793685691955,Normal
PRV56752,25,16120,644.8,1740.6793685691955,Normal
PRV53290,6,3860,643.3333333333334,1740.6793685691955,Normal
PRV55679,229,147280,643.1441048034934,1740.6793685691955,Normal
PRV54388,76,48840,642.6315789473684,1740.6793685691955,Normal
PRV51272,79,50760,642.5316455696203,1740.6793685691955,Normal
PRV53684,4,2570,642.5,1740.6793685691955,Normal
PRV54393,75,48090,641.2,1740.6793685691955,Normal
PRV51096,5,3200,640.0,1740.6793685691955,Normal
PRV55751,2,1280,640.0,1740.6793685691955,Normal
PRV53990,99,63350,639.89898989899,1740.6793685691955,Normal
PRV54451,13,8310,639.2307692307693,1740.6793685691955,Normal
PRV57739,11,7020,638.1818181818181,1740.6793685691955,Normal
PRV52889,640,407500,636.71875,1740.6793685691955,Normal
PRV53939,304,193440,636.3157894736842,1740.6793685691955,Normal
PRV57319,279,177460,636.0573476702509,1740.6793685691955,Normal
PRV56663,251,159640,636.01593625498,1740.6793685691955,Normal
PRV57389,6,3810,635.0,1740.6793685691955,Normal
PRV53729,3,1900,633.3333333333334,1740.6793685691955,Normal
PRV53561,9,5690,632.2222222222222,1740.6793685691955,Normal
PRV54803,3,1880,626.6666666666666,1740.6793685691955,Normal
PRV51312,46,28790,625.8695652173913,1740.6793685691955,Normal
PRV54129,5,3120,624.0,1740.6793685691955,Normal
PRV54491,14,8730,623.5714285714286,1740.6793685691955,Normal
PRV52549,156,97160,622.8205128205128,1740.6793685691955,Normal
PRV56733,198,123300,622.7272727272727,1740.6793685691955,Normal
PRV56015,149,92600,621.4765100671141,1740.6793685691955,Normal
PRV56224,111,68950,621.1711711711712,1740.6793685691955,Normal
PRV54139,99,61480,621.010101010101,1740.6793685691955,Normal
PRV51081,200,124080,620.4,1740.6793685691955,Normal
PRV52209,8,4960,620.0,1740.6793685691955,Normal
PRV54134,44,27250,619.3181818181819,1740.6793685691955,Normal
PRV52684,210,130040,619.2380952380952,1740.6793685691955,Normal
PRV53043,61,37740,618.688524590164,1740.6793685691955,Normal
PRV54037,17,10510,618.2352941176471,1740.6793685691955,Normal
PRV53106,44,27140,616.8181818181819,1740.6793685691955,Normal
PRV54902,16,9840,615.0,1740.6793685691955,Normal
PRV53052,9,5530,614.4444444444445,1740.6793685691955,Normal
PRV53917,200,122200,611.0,1740.6793685691955,Normal
PRV51595,24,14660,610.8333333333334,1740.6793685691955,Normal
PRV54396,44,26840,610.0,1740.6793685691955,Normal
PRV57706,5,3040,608.0,1740.6793685691955,Normal
PRV56384,49,29790,607.9591836734694,1740.6793685691955,Normal
PRV55893,615,373630,607.5284552845528,1740.6793685691955,Normal
PRV55465,339,205830,607.1681415929204,1740.6793685691955,Normal
PRV54242,88,53270,605.3409090909091,1740.6793685691955,Normal
PRV53350,4,2420,605.0,1740.6793685691955,Normal
PRV56888,10,6050,605.0,1740.6793685691955,Normal
PRV52163,62,37470,604.3548387096774,1740.6793685691955,Normal
PRV54677,27,16270,602.5925925925926,1740.6793685691955,Normal
PRV55080,8,4820,602.5,1740.6793685691955,Normal
PRV53180,5,3010,602.0,1740.6793685691955,Normal
PRV54682,96,57690,600.9375,1740.6793685691955,Normal
PRV51704,1,600,600.0,1740.6793685691955,Normal
PRV51822,1,600,600.0,1740.6793685691955,Normal
PRV52952,1,600,600.0,1740.6793685691955,Normal
PRV53228,1,600,600.0,1740.6793685691955,Normal
PRV53645,6,3600,600.0,1740.6793685691955,Normal
PRV54664,2,1200,600.0,1740.6793685691955,Normal
PRV55258,42,25200,600.0,1740.6793685691955,Normal
PRV53768,62,37180,599.6774193548387,1740.6793685691955,Normal
PRV53452,62,37100,598.3870967741935,1740.6793685691955,Normal
PRV55703,58,34700,598.2758620689655,1740.6793685691955,Normal
PRV51634,119,71090,597.3949579831933,1740.6793685691955,Normal
PRV55178,31,18510,597.0967741935484,1740.6793685691955,Normal
PRV54778,1672,998160,596.9856459330143,1740.6793685691955,Normal
PRV52921,46,27450,596.7391304347826,1740.6793685691955,Normal
PRV52293,7,4170,595.7142857142857,1740.6793685691955,Normal
PRV51190,66,39310,595.6060606060606,1740.6793685691955,Normal
PRV55344,14,8320,594.2857142857143,1740.6793685691955,Normal
PRV55262,397,235860,594.1057934508816,1740.6793685691955,Normal
PRV52531,5,2970,594.0,1740.6793685691955,Normal
PRV57052,13,7720,593.8461538461538,1740.6793685691955,Normal
PRV57351,34,20180,593.5294117647059,1740.6793685691955,Normal
PRV54330,472,280120,593.4745762711865,1740.6793685691955,Normal
PRV52610,17,10040,590.5882352941177,1740.6793685691955,Normal
PRV51479,228,134630,590.4824561403509,1740.6793685691955,Normal
PRV51453,12,7080,590.0,1740.6793685691955,Normal
PRV53167,3,1770,590.0,1740.6793685691955,Normal
PRV56381,8,4720,590.0,1740.6793685691955,Normal
PRV53562,10,5890,589.0,1740.6793685691955,Normal
PRV53186,8,4710,588.75,1740.6793685691955,Normal
PRV51217,5,2930,586.0,1740.6793685691955,Normal
PRV53416,87,50840,584.3678160919541,1740.6793685691955,Normal
PRV52182,109,63620,583.6697247706422,1740.6793685691955,Normal
PRV57289,10,5830,583.0,1740.6793685691955,Normal
PRV56041,55,32040,582.5454545454545,1740.6793685691955,Normal
PRV57184,115,66960,582.2608695652174,1740.6793685691955,Normal
PRV55508,16,9310,581.875,1740.6793685691955,Normal
PRV57444,13,7550,580.7692307692307,1740.6793685691955,Normal
PRV51732,12,6960,580.0,1740.6793685691955,Normal
PRV54473,19,11020,580.0,1740.6793685691955,Normal
PRV57138,6,3480,580.0,1740.6793685691955,Normal
PRV57734,19,11010,579.4736842105264,1740.6793685691955,Normal
PRV57263,52,30130,579.4230769230769,1740.6793685691955,Normal
PRV53928,41,23750,579.2682926829268,1740.6793685691955,Normal
PRV54450,10,5790,579.0,1740.6793685691955,Normal
PRV54878,16,9240,577.5,1740.6793685691955,Normal
PRV52478,55,31700,576.3636363636364,1740.6793685691955,Normal
PRV52616,15,8640,576.0,1740.6793685691955,Normal
PRV56452,110,63150,574.0909090909091,1740.6793685691955,Normal
PRV53793,45,25700,571.1111111111111,1740.6793685691955,Normal
PRV51580,3,1710,570.0,1740.6793685691955,Normal
PRV51636,316,180020,569.6835443037975,1740.6793685691955,Normal
PRV51682,16,9110,569.375,1740.6793685691955,Normal
PRV57352,44,25050,569.3181818181819,1740.6793685691955,Normal
PRV54662,45,25590,568.6666666666666,1740.6793685691955,Normal
PRV52088,44,24990,567.9545454545455,1740.6793685691955,Normal
PRV52469,184,104420,567.5,1740.6793685691955,Normal
PRV53908,15,8510,567.3333333333334,1740.6793685691955,Normal
PRV53814,53,30040,566.7924528301887,1740.6793685691955,Normal
PRV56522,3,1700,566.6666666666666,1740.6793685691955,Normal
PRV57431,24,13600,566.6666666666666,1740.6793685691955,Normal
PRV55032,36,20340,565.0,1740.6793685691955,Normal
PRV57142,12,6770,564.1666666666666,1740.6793685691955,Normal
PRV56810,14,7890,563.5714285714286,1740.6793685691955,Normal
PRV51027,53,29840,563.0188679245283,1740.6793685691955,Normal
PRV51072,212,119170,562.122641509434,1740.6793685691955,Normal
PRV55818,10,5620,562.0,1740.6793685691955,Normal
PRV56956,5,2810,562.0,1740.6793685691955,Normal
PRV54103,187,104930,561.1229946524064,1740.6793685691955,Normal
PRV52205,2,1120,560.0,1740.6793685691955,Normal
PRV57393,5,2800,560.0,1740.6793685691955,Normal
PRV52328,35,19560,558.8571428571429,1740.6793685691955,Normal
PRV56321,7,3910,558.5714285714286,1740.6793685691955,Normal
PRV56485,48,26790,558.125,1740.6793685691955,Normal
PRV51465,7,3900,557.1428571428571,1740.6793685691955,Normal
PRV52451,20,11130,556.5,1740.6793685691955,Normal
PRV56428,311,172930,556.0450160771704,1740.6793685691955,Normal
PRV52401,141,78400,556.0283687943263,1740.6793685691955,Normal
PRV57250,23,12760,554.7826086956521,1740.6793685691955,Normal
PRV53038,24,13310,554.5833333333334,1740.6793685691955,Normal
PRV55674,9,4990,554.4444444444445,1740.6793685691955,Normal
PRV51650,24,13290,553.75,1740.6793685691955,Normal
PRV55419,8,4430,553.75,1740.6793685691955,Normal
PRV52420,141,78050,553.5460992907801,1740.6793685691955,Normal
PRV56146,21,11600,552.3809523809524,1740.6793685691955,Normal
PRV55691,40,22060,551.5,1740.6793685691955,Normal
PRV54177,2,1100,550.0,1740.6793685691955,Normal
PRV54290,6,3300,550.0,1740.6793685691955,Normal
PRV55413,4,2200,550.0,1740.6793685691955,Normal
PRV57675,3,1650,550.0,1740.6793685691955,Normal
PRV56935,24,13190,549.5833333333334,1740.6793685691955,Normal
PRV51068,261,143260,548.8888888888889,1740.6793685691955,Normal
PRV56363,19,10420,548.421052631579,1740.6793685691955,Normal
PRV51255,74,40570,548.2432432432432,1740.6793685691955,Normal
PRV51511,16,8760,547.5,1740.6793685691955,Normal
PRV53016,31,16900,545.1612903225806,1740.6793685691955,Normal
PRV51105,12,6540,545.0,1740.6793685691955,Normal
PRV53642,6,3270,545.0,1740.6793685691955,Normal
PRV51517,11,5990,544.5454545454545,1740.6793685691955,Normal
PRV55185,206,112170,544.5145631067961,1740.6793685691955,Normal
PRV57743,8,4350,543.75,1740.6793685691955,Normal
PRV54041,65,35330,543.5384615384615,1740.6793685691955,Normal
PRV54810,7,3800,542.8571428571429,1740.6793685691955,Normal
PRV52249,47,25480,542.1276595744681,1740.6793685691955,Normal
PRV52775,7,3790,541.4285714285714,1740.6793685691955,Normal
PRV57526,202,109310,541.1386138613861,1740.6793685691955,Normal
PRV57198,54,29200,540.7407407407408,1740.6793685691955,Normal
PRV52755,11,5930,539.0909090909091,1740.6793685691955,Normal
PRV56376,20,10780,539.0,1740.6793685691955,Normal
PRV54520,15,8080,538.6666666666666,1740.6793685691955,Normal
PRV55514,295,158330,536.7118644067797,1740.6793685691955,Normal
PRV54905,149,79620,534.3624161073825,1740.6793685691955,Normal
PRV55928,12,6410,534.1666666666666,1740.6793685691955,Normal
PRV54973,129,68880,533.953488372093,1740.6793685691955,Normal
PRV51750,3,1600,533.3333333333334,1740.6793685691955,Normal
PRV52042,52,27720,533.0769230769231,1740.6793685691955,Normal
PRV53469,14,7460,532.8571428571429,1740.6793685691955,Normal
PRV54712,14,7460,532.8571428571429,1740.6793685691955,Normal
PRV52248,24,12750,531.25,1740.6793685691955,Normal
PRV53024,26,13800,530.7692307692307,1740.6793685691955,Normal
PRV54914,402,212930,529.6766169154229,1740.6793685691955,Normal
PRV56016,12,6350,529.1666666666666,1740.6793685691955,Normal
PRV55852,60,31730,528.8333333333334,1740.6793685691955,Normal
PRV56482,28,14780,527.8571428571429,1740.6793685691955,Normal
PRV52367,297,156620,527.3400673400673,1740.6793685691955,Normal
PRV53648,20,10540,527.0,1740.6793685691955,Normal
PRV52272,8,4210,526.25,1740.6793685691955,Normal
PRV54071,436,229020,525.2752293577981,1740.6793685691955,Normal
PRV56738,512,268680,524.765625,1740.6793685691955,Normal
PRV54687,18,9390,521.6666666666666,1740.6793685691955,Normal
PRV57015,44,22930,521.1363636363636,1740.6793685691955,Normal
PRV52530,10,5210,521.0,1740.6793685691955,Normal
PRV52722,283,147380,520.7773851590106,1740.6793685691955,Normal
PRV51395,20,10400,520.0,1740.6793685691955,Normal
PRV51280,39,20250,519.2307692307693,1740.6793685691955,Normal
PRV55835,269,139590,518.9219330855019,1740.6793685691955,Normal
PRV54194,7,3630,518.5714285714286,1740.6793685691955,Normal
PRV55897,482,249890,518.4439834024896,1740.6793685691955,Normal
PRV53246,109,56490,518.256880733945,1740.6793685691955,Normal
PRV53786,1382,715760,517.9160636758321,1740.6793685691955,Normal
PRV55728,7,3620,517.1428571428571,1740.6793685691955,Normal
PRV57308,6,3100,516.6666666666666,1740.6793685691955,Normal
PRV51138,26,13430,516.5384615384615,1740.6793685691955,Normal
PRV54225,104,53620,515.5769230769231,1740.6793685691955,Normal
PRV51901,7,3600,514.2857142857143,1740.6793685691955,Normal
PRV52555,7,3600,514.2857142857143,1740.6793685691955,Normal
PRV55234,184,94600,514.1304347826087,1740.6793685691955,Normal
PRV54168,67,34350,512.6865671641791,1740.6793685691955,Normal
PRV53223,23,11790,512.6086956521739,1740.6793685691955,Normal
PRV53721,5,2560,512.0,1740.6793685691955,Normal
PRV55980,17,8700,511.7647058823529,1740.6793685691955,Normal
PRV55798,6,3060,510.0,1740.6793685691955,Normal
PRV55507,87,44350,509.7701149425287,1740.6793685691955,Normal
PRV54472,32,16300,509.375,1740.6793685691955,Normal
PRV54479,17,8640,508.2352941176471,1740.6793685691955,Normal
PRV55785,9,4570,507.77777777777777,1740.6793685691955,Normal
PRV51134,15,7610,507.3333333333333,1740.6793685691955,Normal
PRV54063,17,8620,507.05882352941177,1740.6793685691955,Normal
PRV53284,148,74780,505.27027027027026,1740.6793685691955,Normal
PRV53889,195,98480,505.02564102564105,1740.6793685691955,Normal
PRV54645,2,1010,505.0,1740.6793685691955,Normal
PRV57412,298,150380,504.6308724832215,1740.6793685691955,Normal
PRV53361,9,4540,504.44444444444446,1740.6793685691955,Normal
PRV54862,7,3530,504.2857142857143,1740.6793685691955,Normal
PRV56708,7,3530,504.2857142857143,1740.6793685691955,Normal
PRV51289,92,46300,503.2608695652174,1740.6793685691955,Normal
PRV51075,17,8550,502.94117647058823,1740.6793685691955,Normal
PRV56290,23,11560,502.60869565217394,1740.6793685691955,Normal
PRV56658,70,35160,502.2857142857143,1740.6793685691955,Normal
PRV55688,47,23600,502.1276595744681,1740.6793685691955,Normal
PRV56218,118,59160,501.35593220338984,1740.6793685691955,Normal
PRV54408,106,53140,501.3207547169811,1740.6793685691955,Normal
PRV57528,401,201020,501.29675810473816,1740.6793685691955,Normal
PRV56066,8,4010,501.25,1740.6793685691955,Normal
PRV56615,129,64650,501.16279069767444,1740.6793685691955,Normal
PRV53463,76,38030,500.39473684210526,1740.6793685691955,Normal
PRV53506,1,500,500.0,1740.6793685691955,Normal
PRV54050,1,500,500.0,1740.6793685691955,Normal
PRV54120,2,1000,500.0,1740.6793685691955,Normal
PRV55590,5,2500,500.0,1740.6793685691955,Normal
PRV52951,20,9980,499.0,1740.6793685691955,Normal
PRV52604,7,3490,498.57142857142856,1740.6793685691955,Normal
PRV56319,13,6480,498.46153846153845,1740.6793685691955,Normal
PRV54521,64,31840,497.5,1740.6793685691955,Normal
PRV56394,32,15920,497.5,1740.6793685691955,Normal
PRV51404,59,29350,497.45762711864404,1740.6793685691955,Normal
PRV56055,9,4470,496.6666666666667,1740.6793685691955,Normal
PRV57499,18,8940,496.6666666666667,1740.6793685691955,Normal
PRV57053,23,11400,495.6521739130435,1740.6793685691955,Normal
PRV53595,9,4460,495.55555555555554,1740.6793685691955,Normal
PRV56477,9,4460,495.55555555555554,1740.6793685691955,Normal
PRV57168,75,37140,495.2,1740.6793685691955,Normal
PRV56972,48,23760,495.0,1740.6793685691955,Normal
PRV53059,33,16320,494.54545454545456,1740.6793685691955,Normal
PRV57343,75,37090,494.53333333333336,1740.6793685691955,Normal
PRV53582,14,6920,494.2857142857143,1740.6793685691955,Normal
PRV56694,8,3950,493.75,1740.6793685691955,Normal
PRV53258,80,39490,493.625,1740.6793685691955,Normal
PRV57680,19,9360,492.63157894736844,1740.6793685691955,Normal
PRV55088,31,15250,491.93548387096774,1740.6793685691955,Normal
PRV52105,26,12780,491.53846153846155,1740.6793685691955,Normal
PRV51690,255,125280,491.29411764705884,1740.6793685691955,Normal
PRV56108,15,7360,490.6666666666667,1740.6793685691955,Normal
PRV53618,236,115660,490.08474576271186,1740.6793685691955,Normal
PRV51925,4,1960,490.0,1740.6793685691955,Normal
PRV52693,8,3920,490.0,1740.6793685691955,Normal
PRV53171,17,8330,490.0,1740.6793685691955,Normal
PRV54859,25,12250,490.0,1740.6793685691955,Normal
PRV55570,10,4900,490.0,1740.6793685691955,Normal
PRV57051,3,1470,490.0,1740.6793685691955,Normal
PRV52143,17,8290,487.6470588235294,1740.6793685691955,Normal
PRV55345,15,7310,487.3333333333333,1740.6793685691955,Normal
PRV54206,44,21400,486.3636363636364,1740.6793685691955,Normal
PRV54753,16,7780,486.25,1740.6793685691955,Normal
PRV54646,23,11180,486.0869565217391,1740.6793685691955,Normal
PRV57200,25,12150,486.0,1740.6793685691955,Normal
PRV54160,9,4370,485.55555555555554,1740.6793685691955,Normal
PRV51995,20,9700,485.0,1740.6793685691955,Normal
PRV52235,2,970,485.0,1740.6793685691955,Normal
PRV54540,20,9690,484.5,1740.6793685691955,Normal
PRV51405,49,23710,483.8775510204082,1740.6793685691955,Normal
PRV51245,173,83630,483.4104046242775,1740.6793685691955,Normal
PRV56639,96,46400,483.3333333333333,1740.6793685691955,Normal
PRV55037,649,313660,483.2973805855162,1740.6793685691955,Normal
PRV57641,61,29470,483.11475409836066,1740.6793685691955,Normal
PRV53037,9,4340,482.22222222222223,1740.6793685691955,Normal
PRV52540,7,3370,481.42857142857144,1740.6793685691955,Normal
PRV55805,8,3850,481.25,1740.6793685691955,Normal
PRV51419,65,31250,480.7692307692308,1740.6793685691955,Normal
PRV57206,490,235300,480.2040816326531,1740.6793685691955,Normal
PRV54842,130,62420,480.15384615384613,1740.6793685691955,Normal
PRV53946,21,10070,479.5238095238095,1740.6793685691955,Normal
PRV54083,279,133780,479.4982078853047,1740.6793685691955,Normal
PRV54155,51,24440,479.2156862745098,1740.6793685691955,Normal
PRV55880,15,7180,478.6666666666667,1740.6793685691955,Normal
PRV53891,22,10530,478.6363636363636,1740.6793685691955,Normal
PRV57355,34,16240,477.6470588235294,1740.6793685691955,Normal
PRV51784,8,3820,477.5,1740.6793685691955,Normal
PRV57683,15,7150,476.6666666666667,1740.6793685691955,Normal
PRV56764,201,95680,476.0199004975124,1740.6793685691955,Normal
PRV54012,8,3800,475.0,1740.6793685691955,Normal
PRV56568,131,62180,474.6564885496183,1740.6793685691955,Normal
PRV56605,108,51240,474.44444444444446,1740.6793685691955,Normal
PRV54808,32,15140,473.125,1740.6793685691955,Normal
PRV57059,9,4250,472.22222222222223,1740.6793685691955,Normal
PRV53535,19,8970,472.10526315789474,1740.6793685691955,Normal
PRV57447,9,4240,471.1111111111111,1740.6793685691955,Normal
PRV52394,118,55530,470.59322033898303,1740.6793685691955,Normal
PRV54098,256,120400,470.3125,1740.6793685691955,Normal
PRV54024,38,17870,470.2631578947368,1740.6793685691955,Normal
PRV57176,131,61520,469.618320610687,1740.6793685691955,Normal
PRV56816,15,7040,469.3333333333333,1740.6793685691955,Normal
PRV55736,230,107940,469.30434782608694,1740.6793685691955,Normal
PRV52306,15,7030,468.6666666666667,1740.6793685691955,Normal
PRV51007,72,33710,468.19444444444446,1740.6793685691955,Normal
PRV54531,30,14030,467.6666666666667,1740.6793685691955,Normal
PRV56314,8,3740,467.5,1740.6793685691955,Normal
PRV57291,3,1400,466.6666666666667,1740.6793685691955,Normal
PRV53050,8,3730,466.25,1740.6793685691955,Normal
PRV51205,10,4660,466.0,1740.6793685691955,Normal
PRV54643,18,8380,465.55555555555554,1740.6793685691955,Normal
PRV51792,46,21390,465.0,1740.6793685691955,Normal
PRV51443,73,33900,464.3835616438356,1740.6793685691955,Normal
PRV54416,17,7880,463.52941176470586,1740.6793685691955,Normal
PRV51749,6,2780,463.3333333333333,1740.6793685691955,Normal
PRV52643,11,5090,462.72727272727275,1740.6793685691955,Normal
PRV54255,232,107230,462.19827586206895,1740.6793685691955,Normal
PRV56048,16,7380,461.25,1740.6793685691955,Normal
PRV51894,20,9210,460.5,1740.6793685691955,Normal
PRV52561,280,128900,460.35714285714283,1740.6793685691955,Normal
PRV57099,14,6440,460.0,1740.6793685691955,Normal
PRV52864,28,12870,459.64285714285717,1740.6793685691955,Normal
PRV51494,38,17450,459.2105263157895,1740.6793685691955,Normal
PRV54075,1519,697520,459.1968400263331,1740.6793685691955,Normal
PRV57740,12,5500,458.3333333333333,1740.6793685691955,Normal
PRV53312,65,29790,458.3076923076923,1740.6793685691955,Normal
PRV53845,20,9160,458.0,1740.6793685691955,Normal
PRV56687,9,4120,457.77777777777777,1740.6793685691955,Normal
PRV52122,41,18740,457.0731707317073,1740.6793685691955,Normal
PRV54389,56,25590,456.9642857142857,1740.6793685691955,Normal
PRV54678,15,6850,456.6666666666667,1740.6793685691955,Normal
PRV53743,31,14140,456.1290322580645,1740.6793685691955,Normal
PRV54970,233,106170,455.6652360515021,1740.6793685691955,Normal
PRV54625,16,7290,455.625,1740.6793685691955,Normal
PRV53154,52,23670,455.1923076923077,1740.6793685691955,Normal
PRV52422,58,26400,455.17241379310343,1740.6793685691955,Normal
PRV57423,47,21380,454.8936170212766,1740.6793685691955,Normal
PRV56427,23,10460,454.7826086956522,1740.6793685691955,Normal
PRV51770,15,6820,454.6666666666667,1740.6793685691955,Normal
PRV57415,86,39090,454.5348837209302,1740.6793685691955,Normal
PRV53341,9,4090,454.44444444444446,1740.6793685691955,Normal
PRV56163,7,3180,454.2857142857143,1740.6793685691955,Normal
PRV52335,242,109870,454.0082644628099,1740.6793685691955,Normal
PRV54031,5,2270,454.0,1740.6793685691955,Normal
PRV56487,27,12230,452.962962962963,1740.6793685691955,Normal
PRV53664,132,59730,452.5,1740.6793685691955,Normal
PRV55946,50,22600,452.0,1740.6793685691955,Normal
PRV51477,22,9940,451.8181818181818,1740.6793685691955,Normal
PRV52196,6,2710,451.6666666666667,1740.6793685691955,Normal
PRV53935,12,5410,450.8333333333333,1740.6793685691955,Normal
PRV56474,31,13970,450.64516129032256,1740.6793685691955,Normal
PRV53570,18,8110,450.55555555555554,1740.6793685691955,Normal
PRV51751,2,900,450.0,1740.6793685691955,Normal
PRV54489,14,6300,450.0,1740.6793685691955,Normal
PRV56518,2,900,450.0,1740.6793685691955,Normal
PRV57594,14,6300,450.0,1740.6793685691955,Normal
PRV52837,71,31930,449.71830985915494,1740.6793685691955,Normal
PRV52567,66,29670,449.54545454545456,1740.6793685691955,Normal
PRV54025,20,8980,449.0,1740.6793685691955,Normal
PRV52725,42,18850,448.8095238095238,1740.6793685691955,Normal
PRV52690,117,52510,448.8034188034188,1740.6793685691955,Normal
PRV53318,21,9420,448.57142857142856,1740.6793685691955,Normal
PRV55867,88,39460,448.40909090909093,1740.6793685691955,Normal
PRV57744,19,8510,447.89473684210526,1740.6793685691955,Normal
PRV51748,18,8060,447.77777777777777,1740.6793685691955,Normal
PRV55576,60,26830,447.1666666666667,1740.6793685691955,Normal
PRV51224,7,3130,447.14285714285717,1740.6793685691955,Normal
PRV54256,262,117080,446.8702290076336,1740.6793685691955,Normal
PRV56281,54,24130,446.85185185185185,1740.6793685691955,Normal
PRV51397,40,17870,446.75,1740.6793685691955,Normal
PRV56095,11,4910,446.3636363636364,1740.6793685691955,Normal
PRV54443,61,27200,445.9016393442623,1740.6793685691955,Normal
PRV56489,21,9350,445.23809523809524,1740.6793685691955,Normal
PRV53801,59,26260,445.08474576271186,1740.6793685691955,Normal
PRV54192,2,890,445.0,1740.6793685691955,Normal
PRV54790,8,3560,445.0,1740.6793685691955,Normal
PRV53257,25,11120,444.8,1740.6793685691955,Normal
PRV54538,48,21330,444.375,1740.6793685691955,Normal
PRV54963,67,29770,444.32835820895525,1740.6793685691955,Normal
PRV57241,59,26180,443.728813559322,1740.6793685691955,Normal
PRV54930,211,93570,443.45971563981044,1740.6793685691955,Normal
PRV54305,6,2660,443.3333333333333,1740.6793685691955,Normal
PRV53957,15,6640,442.6666666666667,1740.6793685691955,Normal
PRV56991,15,6640,442.6666666666667,1740.6793685691955,Normal
PRV54313,16,7070,441.875,1740.6793685691955,Normal
PRV52872,108,47710,441.75925925925924,1740.6793685691955,Normal
PRV57678,9,3970,441.1111111111111,1740.6793685691955,Normal
PRV57590,76,33520,441.05263157894734,1740.6793685691955,Normal
PRV55869,346,152590,441.0115606936416,1740.6793685691955,Normal
PRV53495,34,14990,440.88235294117646,1740.6793685691955,Normal
PRV54150,25,11020,440.8,1740.6793685691955,Normal
PRV51437,2,880,440.0,1740.6793685691955,Normal
PRV52514,15,6600,440.0,1740.6793685691955,Normal
PRV56309,3,1320,440.0,1740.6793685691955,Normal
PRV57131,2,880,440.0,1740.6793685691955,Normal
PRV53071,28,12310,439.64285714285717,1740.6793685691955,Normal
PRV53851,48,21100,439.5833333333333,1740.6793685691955,Normal
PRV57189,256,112310,438.7109375,1740.6793685691955,Normal
PRV52242,31,13600,438.7096774193548,1740.6793685691955,Normal
PRV56239,125,54830,438.64,1740.6793685691955,Normal
PRV57132,9,3940,437.77777777777777,1740.6793685691955,Normal
PRV57209,1108,485040,437.7617328519856,1740.6793685691955,Normal
PRV54182,4,1750,437.5,1740.6793685691955,Normal
PRV55068,6,2620,436.6666666666667,1740.6793685691955,Normal
PRV56067,3,1310,436.6666666666667,1740.6793685691955,Normal
PRV54341,55,23970,435.8181818181818,1740.6793685691955,Normal
PRV57103,2049,892770,435.71010248901905,1740.6793685691955,Normal
PRV56145,52,22650,435.5769230769231,1740.6793685691955,Normal
PRV55834,453,197250,435.43046357615896,1740.6793685691955,Normal
PRV57036,20,8700,435.0,1740.6793685691955,Normal
PRV54590,66,28700,434.8484848484849,1740.6793685691955,Normal
PRV56389,15,6520,434.6666666666667,1740.6793685691955,Normal
PRV55937,382,165910,434.3193717277487,1740.6793685691955,Normal
PRV51926,32,13870,433.4375,1740.6793685691955,Normal
PRV52878,27,11700,433.3333333333333,1740.6793685691955,Normal
PRV54847,296,128200,433.1081081081081,1740.6793685691955,Normal
PRV55953,13,5630,433.0769230769231,1740.6793685691955,Normal
PRV56995,10,4330,433.0,1740.6793685691955,Normal
PRV53920,221,95610,432.6244343891403,1740.6793685691955,Normal
PRV55176,20,8650,432.5,1740.6793685691955,Normal
PRV54196,10,4320,432.0,1740.6793685691955,Normal
PRV57450,11,4750,431.8181818181818,1740.6793685691955,Normal
PRV53204,7,3020,431.42857142857144,1740.6793685691955,Normal
PRV56893,7,3020,431.42857142857144,1740.6793685691955,Normal
PRV55995,46,19840,431.30434782608694,1740.6793685691955,Normal
PRV52761,11,4740,430.90909090909093,1740.6793685691955,Normal
PRV56500,151,65010,430.5298013245033,1740.6793685691955,Normal
PRV53498,2,860,430.0,1740.6793685691955,Normal
PRV54710,2,860,430.0,1740.6793685691955,Normal
PRV56843,2,860,430.0,1740.6793685691955,Normal
PRV55439,224,96290,429.86607142857144,1740.6793685691955,Normal
PRV54967,51,21920,429.80392156862746,1740.6793685691955,Normal
PRV53533,51,21850,428.4313725490196,1740.6793685691955,Normal
PRV53411,6,2570,428.3333333333333,1740.6793685691955,Normal
PRV56834,16,6850,428.125,1740.6793685691955,Normal
PRV56005,74,31660,427.8378378378378,1740.6793685691955,Normal
PRV52857,459,196310,427.69063180827885,1740.6793685691955,Normal
PRV51382,16,6840,427.5,1740.6793685691955,Normal
PRV52829,533,226800,425.515947467167,1740.6793685691955,Normal
PRV53402,17,7230,425.29411764705884,1740.6793685691955,Normal
PRV54836,8,3400,425.0,1740.6793685691955,Normal
PRV57472,4,1700,425.0,1740.6793685691955,Normal
PRV57614,4,1700,425.0,1740.6793685691955,Normal
PRV55445,133,56500,424.812030075188,1740.6793685691955,Normal
PRV56594,70,29730,424.7142857142857,1740.6793685691955,Normal
PRV55359,113,47940,424.24778761061947,1740.6793685691955,Normal
PRV53771,51,21610,423.72549019607845,1740.6793685691955,Normal
PRV54159,34,14400,423.52941176470586,1740.6793685691955,Normal
PRV57010,57,24130,423.3333333333333,1740.6793685691955,Normal
PRV53785,129,54580,423.1007751937984,1740.6793685691955,Normal
PRV51503,57,24070,422.280701754386,1740.6793685691955,Normal
PRV56219,277,116970,422.27436823104694,1740.6793685691955,Normal
PRV54506,134,56570,422.1641791044776,1740.6793685691955,Normal
PRV53482,24,10120,421.6666666666667,1740.6793685691955,Normal
PRV56868,18,7590,421.6666666666667,1740.6793685691955,Normal
PRV56798,24,10100,420.8333333333333,1740.6793685691955,Normal
PRV52059,1287,540810,420.2097902097902,1740.6793685691955,Normal
PRV54672,10,4200,420.0,1740.6793685691955,Normal
PRV55641,2,840,420.0,1740.6793685691955,Normal
PRV53921,768,322230,419.5703125,1740.6793685691955,Normal
PRV54904,19,7970,419.4736842105263,1740.6793685691955,Normal
PRV52410,58,24310,419.13793103448273,1740.6793685691955,Normal
PRV53475,10,4190,419.0,1740.6793685691955,Normal
PRV55045,66,27630,418.6363636363636,1740.6793685691955,Normal
PRV56054,45,18830,418.44444444444446,1740.6793685691955,Normal
PRV52381,80,33460,418.25,1740.6793685691955,Normal
PRV57459,11,4600,418.1818181818182,1740.6793685691955,Normal
PRV56497,30,12540,418.0,1740.6793685691955,Normal
PRV57175,78,32600,417.94871794871796,1740.6793685691955,Normal
PRV51202,12,5010,417.5,1740.6793685691955,Normal
PRV55318,63,26300,417.46031746031747,1740.6793685691955,Normal
PRV51212,15,6260,417.3333333333333,1740.6793685691955,Normal
PRV51865,28,11670,416.7857142857143,1740.6793685691955,Normal
PRV51230,30,12490,416.3333333333333,1740.6793685691955,Normal
PRV54774,488,203170,416.33196721311475,1740.6793685691955,Normal
PRV54372,1617,673000,416.20284477427333,1740.6793685691955,Normal
PRV57107,13,5410,416.15384615384613,1740.6793685691955,Normal
PRV51111,132,54860,415.6060606060606,1740.6793685691955,Normal
PRV57213,82,34040,415.1219512195122,1740.6793685691955,Normal
PRV52440,12,4980,415.0,1740.6793685691955,Normal
PRV57394,16,6630,414.375,1740.6793685691955,Normal
PRV53503,13,5380,413.84615384615387,1740.6793685691955,Normal
PRV51724,6,2480,413.3333333333333,1740.6793685691955,Normal
PRV57366,12,4960,413.3333333333333,1740.6793685691955,Normal
PRV53363,41,16940,413.1707317073171,1740.6793685691955,Normal
PRV52236,14,5780,412.85714285714283,1740.6793685691955,Normal
PRV53751,22,9070,412.27272727272725,1740.6793685691955,Normal
PRV54368,110,45340,412.1818181818182,1740.6793685691955,Normal
PRV52911,5,2060,412.0,1740.6793685691955,Normal
PRV55839,186,76630,411.98924731182797,1740.6793685691955,Normal
PRV52750,26,10700,411.53846153846155,1740.6793685691955,Normal
PRV54727,59,24270,411.35593220338984,1740.6793685691955,Normal
PRV55608,18,7400,411.1111111111111,1740.6793685691955,Normal
PRV53798,38,15620,411.05263157894734,1740.6793685691955,Normal
PRV53156,16,6570,410.625,1740.6793685691955,Normal
PRV52936,108,44340,410.55555555555554,1740.6793685691955,Normal
PRV52391,22,9030,410.45454545454544,1740.6793685691955,Normal
PRV52700,30,12300,410.0,1740.6793685691955,Normal
PRV53628,202,82780,409.8019801980198,1740.6793685691955,Normal
PRV52095,38,15560,409.4736842105263,1740.6793685691955,Normal
PRV53251,233,95400,409.4420600858369,1740.6793685691955,Normal
PRV53832,12,4910,409.1666666666667,1740.6793685691955,Normal
PRV56837,42,17170,408.8095238095238,1740.6793685691955,Normal
PRV57577,73,29810,408.35616438356163,1740.6793685691955,Normal
PRV53997,172,70230,408.3139534883721,1740.6793685691955,Normal
PRV53096,130,53000,407.6923076923077,1740.6793685691955,Normal
PRV51852,19,7740,407.36842105263156,1740.6793685691955,Normal
PRV53382,45,18320,407.1111111111111,1740.6793685691955,Normal
PRV53799,753,306440,406.95883134130145,1740.6793685691955,Normal
PRV53221,16,6510,406.875,1740.6793685691955,Normal
PRV52240,62,25220,406.7741935483871,1740.6793685691955,Normal
PRV57057,26,10560,406.15384615384613,1740.6793685691955,Normal
PRV57475,23,9340,406.0869565217391,1740.6793685691955,Normal
PRV55842,122,49540,406.0655737704918,1740.6793685691955,Normal
PRV51256,95,38550,405.7894736842105,1740.6793685691955,Normal
PRV53407,133,53960,405.7142857142857,1740.6793685691955,Normal
PRV56905,15,6080,405.3333333333333,1740.6793685691955,Normal
PRV55795,10,4050,405.0,1740.6793685691955,Normal
PRV55724,31,12550,404.83870967741933,1740.6793685691955,Normal
PRV53462,11,4450,404.54545454545456,1740.6793685691955,Normal
PRV55614,73,29530,404.52054794520546,1740.6793685691955,Normal
PRV55862,8,3230,403.75,1740.6793685691955,Normal
PRV56311,19,7670,403.6842105263158,1740.6793685691955,Normal
PRV51746,26,10490,403.46153846153845,1740.6793685691955,Normal
PRV53617,83,33480,403.3734939759036,1740.6793685691955,Normal
PRV57660,6,2420,403.3333333333333,1740.6793685691955,Normal
PRV54306,33,13300,403.030303030303,1740.6793685691955,Normal
PRV53134,10,4030,403.0,1740.6793685691955,Normal
PRV55056,100,40290,402.9,1740.6793685691955,Normal
PRV57553,21,8460,402.85714285714283,1740.6793685691955,Normal
PRV55402,44,17720,402.72727272727275,1740.6793685691955,Normal
PRV56803,795,319420,401.7861635220126,1740.6793685691955,Normal
PRV56405,60,24090,401.5,1740.6793685691955,Normal
PRV55271,15,6020,401.3333333333333,1740.6793685691955,Normal
PRV54465,9,3610,401.1111111111111,1740.6793685691955,Normal
PRV51931,46,18430,400.6521739130435,1740.6793685691955,Normal
PRV51488,272,108930,400.4779411764706,1740.6793685691955,Normal
PRV53611,36,14410,400.27777777777777,1740.6793685691955,Normal
PRV51214,8,3200,400.0,1740.6793685691955,Normal
PRV51705,1,400,400.0,1740.6793685691955,Normal
PRV52535,18,7200,400.0,1740.6793685691955,Normal
PRV52638,1,400,400.0,1740.6793685691955,Normal
PRV55089,1,400,400.0,1740.6793685691955,Normal
PRV55302,1,400,400.0,1740.6793685691955,Normal
PRV57373,2,800,400.0,1740.6793685691955,Normal
PRV57571,1,400,400.0,1740.6793685691955,Normal
PRV57655,1,400,400.0,1740.6793685691955,Normal
PRV57679,1,400,400.0,1740.6793685691955,Normal
PRV56866,68,27180,399.70588235294116,1740.6793685691955,Normal
PRV55202,30,11980,399.3333333333333,1740.6793685691955,Normal
PRV51396,44,17520,398.1818181818182,1740.6793685691955,Normal
PRV52273,11,4380,398.1818181818182,1740.6793685691955,Normal
PRV55358,37,14710,397.56756756756755,1740.6793685691955,Normal
PRV55596,32,12720,397.5,1740.6793685691955,Normal
PRV53698,77,30550,396.75324675324674,1740.6793685691955,Normal
PRV55039,2058,816200,396.5986394557823,1740.6793685691955,Normal
PRV52051,89,35290,396.5168539325843,1740.6793685691955,Normal
PRV51938,106,42020,396.41509433962267,1740.6793685691955,Normal
PRV55500,38,15060,396.3157894736842,1740.6793685691955,Normal
PRV57686,23,9110,396.0869565217391,1740.6793685691955,Normal
PRV56364,79,31280,395.9493670886076,1740.6793685691955,Normal
PRV52246,67,26510,395.67164179104475,1740.6793685691955,Normal
PRV56871,11,4350,395.45454545454544,1740.6793685691955,Normal
PRV53232,64,25300,395.3125,1740.6793685691955,Normal
PRV56271,93,36760,395.26881720430106,1740.6793685691955,Normal
PRV51734,20,7900,395.0,1740.6793685691955,Normal
PRV55974,175,69110,394.9142857142857,1740.6793685691955,Normal
PRV53685,45,17770,394.8888888888889,1740.6793685691955,Normal
PRV57650,36,14210,394.72222222222223,1740.6793685691955,Normal
PRV56982,24,9470,394.5833333333333,1740.6793685691955,Normal
PRV51308,35,13790,394.0,1740.6793685691955,Normal
PRV52064,2844,1119680,393.69901547116734,1740.6793685691955,Normal
PRV55870,56,22030,393.39285714285717,1740.6793685691955,Normal
PRV53708,53,20820,392.8301886792453,1740.6793685691955,Normal
PRV51346,266,104490,392.81954887218046,1740.6793685691955,Normal
PRV51528,17,6670,392.3529411764706,1740.6793685691955,Normal
PRV55260,57,22310,391.4035087719298,1740.6793685691955,Normal
PRV56551,36,14070,390.8333333333333,1740.6793685691955,Normal
PRV55481,52,20310,390.5769230769231,1740.6793685691955,Normal
PRV56415,41,15990,390.0,1740.6793685691955,Normal
PRV53166,23,8960,389.5652173913044,1740.6793685691955,Normal
PRV53057,53,20640,389.4339622641509,1740.6793685691955,Normal
PRV55934,653,254220,389.31087289433384,1740.6793685691955,Normal
PRV54688,1032,401660,389.20542635658916,1740.6793685691955,Normal
PRV54435,11,4280,389.09090909090907,1740.6793685691955,Normal
PRV55238,101,39250,388.61386138613864,1740.6793685691955,Normal
PRV56933,12,4660,388.3333333333333,1740.6793685691955,Normal
PRV51303,93,36110,388.2795698924731,1740.6793685691955,Normal
PRV53487,40,15530,388.25,1740.6793685691955,Normal
PRV55363,62,24070,388.2258064516129,1740.6793685691955,Normal
PRV56907,15,5820,388.0,1740.6793685691955,Normal
PRV55168,134,51960,387.76119402985074,1740.6793685691955,Normal
PRV51879,105,40710,387.7142857142857,1740.6793685691955,Normal
PRV56566,176,68110,386.9886363636364,1740.6793685691955,Normal
PRV51678,66,25540,386.969696969697,1740.6793685691955,Normal
PRV53551,29,11220,386.8965517241379,1740.6793685691955,Normal
PRV57354,22,8510,386.8181818181818,1740.6793685691955,Normal
PRV54128,27,10440,386.6666666666667,1740.6793685691955,Normal
PRV51062,397,153380,386.3476070528967,1740.6793685691955,Normal
PRV57006,105,40560,386.2857142857143,1740.6793685691955,Normal
PRV53173,43,16610,386.27906976744185,1740.6793685691955,Normal
PRV53901,14,5400,385.7142857142857,1740.6793685691955,Normal
PRV54628,4,1540,385.0,1740.6793685691955,Normal
PRV54809,55,21170,384.90909090909093,1740.6793685691955,Normal
PRV56602,145,55810,384.8965517241379,1740.6793685691955,Normal
PRV56068,41,15780,384.8780487804878,1740.6793685691955,Normal
PRV54923,79,30400,384.8101265822785,1740.6793685691955,Normal
PRV56435,260,100030,384.7307692307692,1740.6793685691955,Normal
PRV56790,91,34990,384.5054945054945,1740.6793685691955,Normal
PRV55768,64,24570,383.90625,1740.6793685691955,Normal
PRV56577,293,112430,383.7201365187713,1740.6793685691955,Normal
PRV52355,63,24170,383.6507936507937,1740.6793685691955,Normal
PRV53262,118,45250,383.47457627118644,1740.6793685691955,Normal
PRV56958,13,4980,383.0769230769231,1740.6793685691955,Normal
PRV55085,24,9180,382.5,1740.6793685691955,Normal
PRV56208,67,25610,382.23880597014926,1740.6793685691955,Normal
PRV56346,42,16050,382.14285714285717,1740.6793685691955,Normal
PRV53565,5,1910,382.0,1740.6793685691955,Normal
PRV54793,10,3820,382.0,1740.6793685691955,Normal
PRV56716,124,47360,381.93548387096774,1740.6793685691955,Normal
PRV57013,41,15650,381.7073170731707,1740.6793685691955,Normal
PRV53376,74,28240,381.6216216216216,1740.6793685691955,Normal
PRV54609,45,17160,381.3333333333333,1740.6793685691955,Normal
PRV56867,9,3430,381.1111111111111,1740.6793685691955,Normal
PRV52853,29,11050,381.0344827586207,1740.6793685691955,Normal
PRV51376,51,19420,380.7843137254902,1740.6793685691955,Normal
PRV55235,160,60920,380.75,1740.6793685691955,Normal
PRV52658,39,14840,380.5128205128205,1740.6793685691955,Normal
PRV57381,49,18640,380.40816326530614,1740.6793685691955,Normal
PRV57469,58,22050,380.17241379310343,1740.6793685691955,Normal
PRV55712,26,9880,380.0,1740.6793685691955,Normal
PRV56950,3,1140,380.0,1740.6793685691955,Normal
PRV57479,19,7220,380.0,1740.6793685691955,Normal
PRV57759,28,10640,380.0,1740.6793685691955,Normal
PRV51958,29,11000,379.3103448275862,1740.6793685691955,Normal
PRV51564,24,9100,379.1666666666667,1740.6793685691955,Normal
PRV56181,12,4550,379.1666666666667,1740.6793685691955,Normal
PRV56176,21,7960,379.04761904761904,1740.6793685691955,Normal
PRV51061,145,54940,378.8965517241379,1740.6793685691955,Normal
PRV54995,16,6060,378.75,1740.6793685691955,Normal
PRV56453,115,43550,378.69565217391306,1740.6793685691955,Normal
PRV52431,63,23850,378.57142857142856,1740.6793685691955,Normal
PRV51672,6,2270,378.3333333333333,1740.6793685691955,Normal
PRV53701,6,2270,378.3333333333333,1740.6793685691955,Normal
PRV53443,215,81290,378.09302325581393,1740.6793685691955,Normal
PRV54748,85,32110,377.7647058823529,1740.6793685691955,Normal
PRV53362,35,13220,377.7142857142857,1740.6793685691955,Normal
PRV56255,102,38510,377.54901960784315,1740.6793685691955,Normal
PRV56515,7,2640,377.14285714285717,1740.6793685691955,Normal
PRV56351,29,10920,376.55172413793105,1740.6793685691955,Normal
PRV57238,45,16940,376.44444444444446,1740.6793685691955,Normal
PRV51752,87,32740,376.32183908045977,1740.6793685691955,Normal
PRV51843,50,18810,376.2,1740.6793685691955,Normal
PRV54910,215,80880,376.1860465116279,1740.6793685691955,Normal
PRV54536,13,4890,376.15384615384613,1740.6793685691955,Normal
PRV55095,20,7520,376.0,1740.6793685691955,Normal
PRV55477,46,17290,375.8695652173913,1740.6793685691955,Normal
PRV54877,70,26290,375.57142857142856,1740.6793685691955,Normal
PRV53147,18,6760,375.55555555555554,1740.6793685691955,Normal
PRV56945,57,21400,375.43859649122805,1740.6793685691955,Normal
PRV54919,178,66770,375.1123595505618,1740.6793685691955,Normal
PRV51747,4,1500,375.0,1740.6793685691955,Normal
PRV56302,4,1500,375.0,1740.6793685691955,Normal
PRV54537,60,22470,374.5,1740.6793685691955,Normal
PRV53765,67,25080,374.32835820895525,1740.6793685691955,Normal
PRV55304,204,76330,374.1666666666667,1740.6793685691955,Normal
PRV56455,13,4860,373.84615384615387,1740.6793685691955,Normal
PRV55871,12,4480,373.3333333333333,1740.6793685691955,Normal
PRV56258,70,26130,373.2857142857143,1740.6793685691955,Normal
PRV52312,214,79810,372.94392523364485,1740.6793685691955,Normal
PRV56141,39,14540,372.8205128205128,1740.6793685691955,Normal
PRV53556,31,11550,372.5806451612903,1740.6793685691955,Normal
PRV52839,33,12290,372.42424242424244,1740.6793685691955,Normal
PRV56512,27,10050,372.22222222222223,1740.6793685691955,Normal
PRV54442,68,25300,372.05882352941177,1740.6793685691955,Normal
PRV51630,5,1860,372.0,1740.6793685691955,Normal
PRV51226,20,7430,371.5,1740.6793685691955,Normal
PRV55468,27,10030,371.48148148148147,1740.6793685691955,Normal
PRV52407,43,15970,371.3953488372093,1740.6793685691955,Normal
PRV54946,91,33740,370.7692307692308,1740.6793685691955,Normal
PRV56242,136,50420,370.7352941176471,1740.6793685691955,Normal
PRV55453,795,294610,370.57861635220127,1740.6793685691955,Normal
PRV55071,70,25930,370.42857142857144,1740.6793685691955,Normal
PRV53427,24,8880,370.0,1740.6793685691955,Normal
PRV56521,32,11840,370.0,1740.6793685691955,Normal
PRV57627,28,10360,370.0,1740.6793685691955,Normal
PRV57763,118,43610,369.5762711864407,1740.6793685691955,Normal
PRV53829,16,5910,369.375,1740.6793685691955,Normal
PRV56851,20,7380,369.0,1740.6793685691955,Normal
PRV57224,214,78960,368.97196261682245,1740.6793685691955,Normal
PRV51872,24,8840,368.3333333333333,1740.6793685691955,Normal
PRV56037,5,1840,368.0,1740.6793685691955,Normal
PRV51969,42,15450,367.85714285714283,1740.6793685691955,Normal
PRV56152,18,6620,367.77777777777777,1740.6793685691955,Normal
PRV52563,473,173770,367.3784355179704,1740.6793685691955,Normal
PRV54411,22,8070,366.8181818181818,1740.6793685691955,Normal
PRV54508,90,33010,366.77777777777777,1740.6793685691955,Normal
PRV55454,368,134960,366.7391304347826,1740.6793685691955,Normal
PRV54315,103,37770,366.6990291262136,1740.6793685691955,Normal
PRV56138,36,13160,365.55555555555554,1740.6793685691955,Normal
PRV55325,41,14980,365.3658536585366,1740.6793685691955,Normal
PRV56291,36,13150,365.27777777777777,1740.6793685691955,Normal
PRV55073,18,6570,365.0,1740.6793685691955,Normal
PRV55291,6,2190,365.0,1740.6793685691955,Normal
PRV52882,41,14960,364.8780487804878,1740.6793685691955,Normal
PRV53907,126,45960,364.76190476190476,1740.6793685691955,Normal
PRV52893,362,131850,364.22651933701655,1740.6793685691955,Normal
PRV56157,38,13840,364.2105263157895,1740.6793685691955,Normal
PRV56784,19,6920,364.2105263157895,1740.6793685691955,Normal
PRV52844,129,46950,363.95348837209303,1740.6793685691955,Normal
PRV57160,101,36750,363.86138613861385,1740.6793685691955,Normal
PRV54572,146,53110,363.7671232876712,1740.6793685691955,Normal
PRV52935,280,101800,363.57142857142856,1740.6793685691955,Normal
PRV52087,56,20350,363.39285714285717,1740.6793685691955,Normal
PRV54250,62,22530,363.38709677419354,1740.6793685691955,Normal
PRV53440,164,59590,363.3536585365854,1740.6793685691955,Normal
PRV54471,46,16700,363.04347826086956,1740.6793685691955,Normal
PRV55966,21,7620,362.85714285714283,1740.6793685691955,Normal
PRV53699,361,130970,362.797783933518,1740.6793685691955,Normal
PRV57058,29,10520,362.7586206896552,1740.6793685691955,Normal
PRV56404,363,131660,362.69972451790636,1740.6793685691955,Normal
PRV54715,19,6890,362.63157894736844,1740.6793685691955,Normal
PRV54976,55,19940,362.54545454545456,1740.6793685691955,Normal
PRV55552,1206,436740,362.1393034825871,1740.6793685691955,Normal
PRV56509,117,42370,362.13675213675214,1740.6793685691955,Normal
PRV57718,161,58290,362.0496894409938,1740.6793685691955,Normal
PRV52206,5,1810,362.0,1740.6793685691955,Normal
PRV54444,27,9770,361.85185185185185,1740.6793685691955,Normal
PRV51044,59,21330,361.52542372881356,1740.6793685691955,Normal
PRV53727,20,7230,361.5,1740.6793685691955,Normal
PRV55779,7,2530,361.42857142857144,1740.6793685691955,Normal
PRV56113,45,16260,361.3333333333333,1740.6793685691955,Normal
PRV55968,148,53460,361.2162162162162,1740.6793685691955,Normal
PRV55247,355,128140,360.9577464788732,1740.6793685691955,Normal
PRV51398,86,31040,360.93023255813955,1740.6793685691955,Normal
PRV51642,29,10460,360.6896551724138,1740.6793685691955,Normal
PRV57441,74,26660,360.27027027027026,1740.6793685691955,Normal
PRV51763,11,3960,360.0,1740.6793685691955,Normal
PRV54299,5,1800,360.0,1740.6793685691955,Normal
PRV56654,49,17620,359.59183673469386,1740.6793685691955,Normal
PRV54224,43,15460,359.5348837209302,1740.6793685691955,Normal
PRV52048,108,38820,359.44444444444446,1740.6793685691955,Normal
PRV57139,16,5750,359.375,1740.6793685691955,Normal
PRV53992,244,87620,359.0983606557377,1740.6793685691955,Normal
PRV54932,59,21160,358.64406779661016,1740.6793685691955,Normal
PRV56498,7,2510,358.57142857142856,1740.6793685691955,Normal
PRV55921,59,21140,358.3050847457627,1740.6793685691955,Normal
PRV56857,46,16480,358.2608695652174,1740.6793685691955,Normal
PRV51439,42,15040,358.0952380952381,1740.6793685691955,Normal
PRV52747,21,7520,358.0952380952381,1740.6793685691955,Normal
PRV56261,69,24690,357.82608695652175,1740.6793685691955,Normal
PRV55807,17,6080,357.6470588235294,1740.6793685691955,Normal
PRV54795,21,7510,357.6190476190476,1740.6793685691955,Normal
PRV54231,190,67880,357.2631578947368,1740.6793685691955,Normal
PRV54745,828,295740,357.17391304347825,1740.6793685691955,Normal
PRV52097,55,19640,357.09090909090907,1740.6793685691955,Normal
PRV53412,27,9640,357.037037037037,1740.6793685691955,Normal
PRV51994,33,11780,356.969696969697,1740.6793685691955,Normal
PRV57245,92,32790,356.4130434782609,1740.6793685691955,Normal
PRV53300,354,126160,356.38418079096044,1740.6793685691955,Normal
PRV51071,24,8550,356.25,1740.6793685691955,Normal
PRV54274,47,16740,356.17021276595744,1740.6793685691955,Normal
PRV54184,10,3560,356.0,1740.6793685691955,Normal
PRV56890,12,4270,355.8333333333333,1740.6793685691955,Normal
PRV53676,471,167540,355.71125265392783,1740.6793685691955,Normal
PRV57748,45,16000,355.55555555555554,1740.6793685691955,Normal
PRV56425,381,135450,355.51181102362204,1740.6793685691955,Normal
PRV51653,24,8530,355.4166666666667,1740.6793685691955,Normal
PRV51097,125,44420,355.36,1740.6793685691955,Normal
PRV53877,19,6750,355.2631578947368,1740.6793685691955,Normal
PRV51661,134,47570,355.0,1740.6793685691955,Normal
PRV54142,28,9940,355.0,1740.6793685691955,Normal
PRV56174,10,3550,355.0,1740.6793685691955,Normal
PRV56645,64,22720,355.0,1740.6793685691955,Normal
PRV57455,6,2130,355.0,1740.6793685691955,Normal
PRV55188,207,73470,354.92753623188406,1740.6793685691955,Normal
PRV54252,17,6030,354.70588235294116,1740.6793685691955,Normal
PRV53415,34,12050,354.4117647058824,1740.6793685691955,Normal
PRV55167,94,33300,354.25531914893617,1740.6793685691955,Normal
PRV51658,5,1770,354.0,1740.6793685691955,Normal
PRV56027,25,8840,353.6,1740.6793685691955,Normal
PRV53342,73,25810,353.56164383561645,1740.6793685691955,Normal
PRV55797,3,1060,353.3333333333333,1740.6793685691955,Normal
PRV55279,81,28610,353.2098765432099,1740.6793685691955,Normal
PRV52421,95,33550,353.1578947368421,1740.6793685691955,Normal
PRV51076,29,10230,352.7586206896552,1740.6793685691955,Normal
PRV57335,807,284670,352.75092936802974,1740.6793685691955,Normal
PRV57688,12,4230,352.5,1740.6793685691955,Normal
PRV54907,170,59920,352.47058823529414,1740.6793685691955,Normal
PRV51012,48,16890,351.875,1740.6793685691955,Normal
PRV57356,67,23570,351.7910447761194,1740.6793685691955,Normal
PRV55248,133,46760,351.57894736842104,1740.6793685691955,Normal
PRV54280,20,7030,351.5,1740.6793685691955,Normal
PRV51113,132,46390,351.43939393939394,1740.6793685691955,Normal
PRV51510,57,20020,351.2280701754386,1740.6793685691955,Normal
PRV52230,43,15100,351.16279069767444,1740.6793685691955,Normal
PRV56823,18,6320,351.1111111111111,1740.6793685691955,Normal
PRV51271,123,43180,351.0569105691057,1740.6793685691955,Normal
PRV56621,91,31940,350.989010989011,1740.6793685691955,Normal
PRV52827,804,282060,350.82089552238807,1740.6793685691955,Normal
PRV57272,25,8770,350.8,1740.6793685691955,Normal
PRV52208,13,4560,350.7692307692308,1740.6793685691955,Normal
PRV51870,55,19290,350.72727272727275,1740.6793685691955,Normal
PRV56527,57,19990,350.70175438596493,1740.6793685691955,Normal
PRV51004,149,52170,350.13422818791946,1740.6793685691955,Normal
PRV51674,4,1400,350.0,1740.6793685691955,Normal
PRV53525,2,700,350.0,1740.6793685691955,Normal
PRV56077,7,2450,350.0,1740.6793685691955,Normal
PRV56824,136,47540,349.55882352941177,1740.6793685691955,Normal
PRV54267,226,78960,349.3805309734513,1740.6793685691955,Normal
PRV51014,30,10480,349.3333333333333,1740.6793685691955,Normal
PRV56557,65,22690,349.0769230769231,1740.6793685691955,Normal
PRV54988,41,14310,349.0243902439024,1740.6793685691955,Normal
PRV56601,33,11510,348.7878787878788,1740.6793685691955,Normal
PRV54636,76,26500,348.6842105263158,1740.6793685691955,Normal
PRV55480,42,14640,348.57142857142856,1740.6793685691955,Normal
PRV56193,14,4880,348.57142857142856,1740.6793685691955,Normal
PRV52099,90,31370,348.55555555555554,1740.6793685691955,Normal
PRV55447,66,22990,348.3333333333333,1740.6793685691955,Normal
PRV55561,24,8360,348.3333333333333,1740.6793685691955,Normal
PRV52826,292,101600,347.94520547945206,1740.6793685691955,Normal
PRV52411,92,32010,347.9347826086956,1740.6793685691955,Normal
PRV56008,1370,476600,347.88321167883214,1740.6793685691955,Normal
PRV52796,48,16690,347.7083333333333,1740.6793685691955,Normal
PRV53126,34,11820,347.6470588235294,1740.6793685691955,Normal
PRV51611,8,2780,347.5,1740.6793685691955,Normal
PRV55717,73,25360,347.3972602739726,1740.6793685691955,Normal
PRV55748,10,3470,347.0,1740.6793685691955,Normal
PRV52071,749,259850,346.92923898531376,1740.6793685691955,Normal
PRV57413,52,18030,346.7307692307692,1740.6793685691955,Normal
PRV51849,146,50620,346.71232876712327,1740.6793685691955,Normal
PRV57147,12,4160,346.6666666666667,1740.6793685691955,Normal
PRV53123,132,45750,346.59090909090907,1740.6793685691955,Normal
PRV55735,93,32230,346.55913978494624,1740.6793685691955,Normal
PRV51112,304,105250,346.2171052631579,1740.6793685691955,Normal
PRV54763,34,11770,346.1764705882353,1740.6793685691955,Normal
PRV55487,78,27000,346.15384615384613,1740.6793685691955,Normal
PRV57276,13,4500,346.15384615384613,1740.6793685691955,Normal
PRV52932,40,13830,345.75,1740.6793685691955,Normal
PRV51281,259,89470,345.44401544401546,1740.6793685691955,Normal
PRV57586,144,49710,345.2083333333333,1740.6793685691955,Normal
PRV51424,86,29670,345.0,1740.6793685691955,Normal
PRV52743,6,2070,345.0,1740.6793685691955,Normal
PRV57264,8,2760,345.0,1740.6793685691955,Normal
PRV57754,6,2070,345.0,1740.6793685691955,Normal
PRV56674,46,15860,344.7826086956522,1740.6793685691955,Normal
PRV55486,15,5170,344.6666666666667,1740.6793685691955,Normal
PRV56284,67,23090,344.6268656716418,1740.6793685691955,Normal
PRV55114,13,4480,344.61538461538464,1740.6793685691955,Normal
PRV52133,305,105080,344.5245901639344,1740.6793685691955,Normal
PRV57240,72,24790,344.30555555555554,1740.6793685691955,Normal
PRV53842,7,2410,344.2857142857143,1740.6793685691955,Normal
PRV54282,19,6540,344.2105263157895,1740.6793685691955,Normal
PRV55283,36,12390,344.1666666666667,1740.6793685691955,Normal
PRV56622,26,8930,343.46153846153845,1740.6793685691955,Normal
PRV51191,32,10990,343.4375,1740.6793685691955,Normal
PRV56301,3,1030,343.3333333333333,1740.6793685691955,Normal
PRV52886,70,24030,343.2857142857143,1740.6793685691955,Normal
PRV57212,101,34670,343.26732673267327,1740.6793685691955,Normal
PRV54477,100,34310,343.1,1740.6793685691955,Normal
PRV52304,184,63120,343.04347826086956,1740.6793685691955,Normal
PRV51063,149,51110,343.02013422818794,1740.6793685691955,Normal
PRV51697,63,21600,342.85714285714283,1740.6793685691955,Normal
PRV57646,25,8570,342.8,1740.6793685691955,Normal
PRV52949,79,27080,342.7848101265823,1740.6793685691955,Normal
PRV57259,48,16450,342.7083333333333,1740.6793685691955,Normal
PRV51441,85,29130,342.70588235294116,1740.6793685691955,Normal
PRV53638,111,38040,342.7027027027027,1740.6793685691955,Normal
PRV53679,826,283020,342.6392251815981,1740.6793685691955,Normal
PRV54459,9,3080,342.22222222222223,1740.6793685691955,Normal
PRV53470,64,21900,342.1875,1740.6793685691955,Normal
PRV53289,106,36260,342.07547169811323,1740.6793685691955,Normal
PRV56229,13,4440,341.53846153846155,1740.6793685691955,Normal
PRV53741,7,2390,341.42857142857144,1740.6793685691955,Normal
PRV53392,99,33790,341.3131313131313,1740.6793685691955,Normal
PRV57192,407,138900,341.2776412776413,1740.6793685691955,Normal
PRV56725,291,99310,341.27147766323026,1740.6793685691955,Normal
PRV54887,143,48780,341.1188811188811,1740.6793685691955,Normal
PRV52517,32,10910,340.9375,1740.6793685691955,Normal
PRV51910,82,27950,340.8536585365854,1740.6793685691955,Normal
PRV56448,584,198950,340.6678082191781,1740.6793685691955,Normal
PRV56486,77,26220,340.5194805194805,1740.6793685691955,Normal
PRV55927,212,72180,340.47169811320754,1740.6793685691955,Normal
PRV53977,65,22120,340.3076923076923,1740.6793685691955,Normal
PRV53478,149,50680,340.13422818791946,1740.6793685691955,Normal
PRV56580,185,62890,339.94594594594594,1740.6793685691955,Normal
PRV53321,81,27530,339.87654320987656,1740.6793685691955,Normal
PRV53979,77,26170,339.87012987012986,1740.6793685691955,Normal
PRV54261,75,25490,339.8666666666667,1740.6793685691955,Normal
PRV52575,70,23780,339.7142857142857,1740.6793685691955,Normal
PRV52698,123,41770,339.5934959349593,1740.6793685691955,Normal
PRV54515,67,22750,339.55223880597015,1740.6793685691955,Normal
PRV55059,153,51910,339.281045751634,1740.6793685691955,Normal
PRV56227,26,8820,339.2307692307692,1740.6793685691955,Normal
PRV52801,31,10510,339.03225806451616,1740.6793685691955,Normal
PRV57601,62,21020,339.03225806451616,1740.6793685691955,Normal
PRV55656,30,10170,339.0,1740.6793685691955,Normal
PRV55764,29,9830,338.9655172413793,1740.6793685691955,Normal
PRV51351,32,10840,338.75,1740.6793685691955,Normal
PRV57574,58,19640,338.62068965517244,1740.6793685691955,Normal
PRV53573,32,10830,338.4375,1740.6793685691955,Normal
PRV52598,31,10490,338.38709677419354,1740.6793685691955,Normal
PRV54239,62,20980,338.38709677419354,1740.6793685691955,Normal
PRV51042,142,48050,338.38028169014086,1740.6793685691955,Normal
PRV51767,12,4060,338.3333333333333,1740.6793685691955,Normal
PRV53819,53,17930,338.3018867924528,1740.6793685691955,Normal
PRV53752,35,11840,338.2857142857143,1740.6793685691955,Normal
PRV55458,35,11830,338.0,1740.6793685691955,Normal
PRV55654,578,195200,337.71626297577853,1740.6793685691955,Normal
PRV56418,29,9790,337.58620689655174,1740.6793685691955,Normal
PRV54478,64,21590,337.34375,1740.6793685691955,Normal
PRV53364,26,8770,337.3076923076923,1740.6793685691955,Normal
PRV56604,29,9780,337.2413793103448,1740.6793685691955,Normal
PRV57517,60,20230,337.1666666666667,1740.6793685691955,Normal
PRV57359,102,34390,337.15686274509807,1740.6793685691955,Normal
PRV55309,35,11800,337.14285714285717,1740.6793685691955,Normal
PRV52678,74,24930,336.8918918918919,1740.6793685691955,Normal
PRV52341,135,45450,336.6666666666667,1740.6793685691955,Normal
PRV54344,51,17170,336.6666666666667,1740.6793685691955,Normal
PRV52884,707,237930,336.53465346534654,1740.6793685691955,Normal
PRV56137,48,16150,336.4583333333333,1740.6793685691955,Normal
PRV52982,643,216220,336.2674961119751,1740.6793685691955,Normal
PRV53122,24,8070,336.25,1740.6793685691955,Normal
PRV53782,53,17820,336.22641509433964,1740.6793685691955,Normal
PRV56233,98,32890,335.61224489795916,1740.6793685691955,Normal
PRV53296,187,62740,335.5080213903743,1740.6793685691955,Normal
PRV57128,60,20130,335.5,1740.6793685691955,Normal
PRV56308,15,5030,335.3333333333333,1740.6793685691955,Normal
PRV56279,53,17770,335.2830188679245,1740.6793685691955,Normal
PRV54708,8,2680,335.0,1740.6793685691955,Normal
PRV54332,995,333170,334.84422110552765,1740.6793685691955,Normal
PRV56656,42,14060,334.76190476190476,1740.6793685691955,Normal
PRV54983,126,42140,334.44444444444446,1740.6793685691955,Normal
PRV56846,21,7020,334.2857142857143,1740.6793685691955,Normal
PRV55520,287,95890,334.11149825783974,1740.6793685691955,Normal
PRV56169,22,7350,334.09090909090907,1740.6793685691955,Normal
PRV56191,62,20710,334.03225806451616,1740.6793685691955,Normal
PRV52606,30,10020,334.0,1740.6793685691955,Normal
PRV55173,25,8350,334.0,1740.6793685691955,Normal
PRV55459,344,114890,333.9825581395349,1740.6793685691955,Normal
PRV51469,28,9350,333.92857142857144,1740.6793685691955,Normal
PRV51723,16,5340,333.75,1740.6793685691955,Normal
PRV52004,47,15680,333.6170212765957,1740.6793685691955,Normal
PRV53315,25,8340,333.6,1740.6793685691955,Normal
PRV57720,14,4670,333.57142857142856,1740.6793685691955,Normal
PRV55226,242,80690,333.4297520661157,1740.6793685691955,Normal
PRV54597,15,5000,333.3333333333333,1740.6793685691955,Normal
PRV56032,9,3000,333.3333333333333,1740.6793685691955,Normal
PRV51324,28,9330,333.2142857142857,1740.6793685691955,Normal
PRV51507,1013,337340,333.01085883514315,1740.6793685691955,Normal
PRV54270,34,11320,332.94117647058823,1740.6793685691955,Normal
PRV53558,22,7320,332.72727272727275,1740.6793685691955,Normal
PRV55985,58,19270,332.2413793103448,1740.6793685691955,Normal
PRV56496,41,13620,332.1951219512195,1740.6793685691955,Normal
PRV56028,201,66770,332.18905472636817,1740.6793685691955,Normal
PRV52850,146,48470,331.986301369863,1740.6793685691955,Normal
PRV53831,83,27550,331.9277108433735,1740.6793685691955,Normal
PRV55197,73,24210,331.64383561643837,1740.6793685691955,Normal
PRV52913,35,11600,331.42857142857144,1740.6793685691955,Normal
PRV56494,560,185430,331.125,1740.6793685691955,Normal
PRV53476,10,3310,331.0,1740.6793685691955,Normal
PRV51737,152,50300,330.92105263157896,1740.6793685691955,Normal
PRV51600,109,36050,330.73394495412845,1740.6793685691955,Normal
PRV55259,42,13890,330.7142857142857,1740.6793685691955,Normal
PRV55254,15,4960,330.6666666666667,1740.6793685691955,Normal
PRV51988,37,12230,330.5405405405405,1740.6793685691955,Normal
PRV55680,206,68060,330.3883495145631,1740.6793685691955,Normal
PRV52414,132,43600,330.3030303030303,1740.6793685691955,Normal
PRV55513,38,12550,330.2631578947368,1740.6793685691955,Normal
PRV57500,79,26090,330.253164556962,1740.6793685691955,Normal
PRV52520,121,39910,329.8347107438017,1740.6793685691955,Normal
PRV51029,93,30660,329.6774193548387,1740.6793685691955,Normal
PRV51287,78,25700,329.4871794871795,1740.6793685691955,Normal
PRV55352,39,12850,329.4871794871795,1740.6793685691955,Normal
PRV55299,18,5930,329.44444444444446,1740.6793685691955,Normal
PRV52216,15,4940,329.3333333333333,1740.6793685691955,Normal
PRV55231,126,41470,329.12698412698415,1740.6793685691955,Normal
PRV52789,38,12500,328.94736842105266,1740.6793685691955,Normal
PRV56475,34,11180,328.8235294117647,1740.6793685691955,Normal
PRV53090,179,58850,328.7709497206704,1740.6793685691955,Normal
PRV56683,167,54880,328.622754491018,1740.6793685691955,Normal
PRV56801,25,8210,328.4,1740.6793685691955,Normal
PRV52832,31,10180,328.38709677419354,1740.6793685691955,Normal
PRV52141,671,220290,328.301043219076,1740.6793685691955,Normal
PRV56216,481,157910,328.2952182952183,1740.6793685691955,Normal
PRV57156,215,70570,328.2325581395349,1740.6793685691955,Normal
PRV57151,515,169030,328.2135922330097,1740.6793685691955,Normal
PRV53609,183,60050,328.14207650273227,1740.6793685691955,Normal
PRV51176,445,145980,328.0449438202247,1740.6793685691955,Normal
PRV53019,15,4920,328.0,1740.6793685691955,Normal
PRV55582,24,7870,327.9166666666667,1740.6793685691955,Normal
PRV54374,854,280020,327.89227166276345,1740.6793685691955,Normal
PRV55623,9,2950,327.77777777777777,1740.6793685691955,Normal
PRV55198,68,22280,327.6470588235294,1740.6793685691955,Normal
PRV56440,89,29150,327.5280898876405,1740.6793685691955,Normal
PRV53926,27,8840,327.4074074074074,1740.6793685691955,Normal
PRV54978,265,86760,327.39622641509436,1740.6793685691955,Normal
PRV53927,11,3600,327.27272727272725,1740.6793685691955,Normal
PRV52054,240,78490,327.0416666666667,1740.6793685691955,Normal
PRV55551,91,29760,327.032967032967,1740.6793685691955,Normal
PRV57677,226,73900,326.9911504424779,1740.6793685691955,Normal
PRV53669,13,4250,326.9230769230769,1740.6793685691955,Normal
PRV57652,15,4900,326.6666666666667,1740.6793685691955,Normal
PRV55566,53,17310,326.60377358490564,1740.6793685691955,Normal
PRV56433,121,39510,326.5289256198347,1740.6793685691955,Normal
PRV53259,187,61050,326.47058823529414,1740.6793685691955,Normal
PRV56495,36,11750,326.3888888888889,1740.6793685691955,Normal
PRV51251,11,3590,326.3636363636364,1740.6793685691955,Normal
PRV53547,21,6850,326.1904761904762,1740.6793685691955,Normal
PRV55491,355,115770,326.11267605633805,1740.6793685691955,Normal
PRV54684,133,43360,326.01503759398497,1740.6793685691955,Normal
PRV54871,10,3260,326.0,1740.6793685691955,Normal
PRV52704,159,51790,325.72327044025155,1740.6793685691955,Normal
PRV51943,89,28970,325.5056179775281,1740.6793685691955,Normal
PRV52711,28,9110,325.35714285714283,1740.6793685691955,Normal
PRV55859,15,4880,325.3333333333333,1740.6793685691955,Normal
PRV55263,319,103750,325.23510971786834,1740.6793685691955,Normal
PRV54656,35,11380,325.14285714285717,1740.6793685691955,Normal
PRV51902,4,1300,325.0,1740.6793685691955,Normal
PRV54127,28,9100,325.0,1740.6793685691955,Normal
PRV54166,20,6500,325.0,1740.6793685691955,Normal
PRV57684,65,21110,324.7692307692308,1740.6793685691955,Normal
PRV52636,21,6820,324.76190476190476,1740.6793685691955,Normal
PRV57476,145,47070,324.62068965517244,1740.6793685691955,Normal
PRV52385,22,7140,324.54545454545456,1740.6793685691955,Normal
PRV51335,142,46080,324.50704225352115,1740.6793685691955,Normal
PRV53880,61,19790,324.42622950819674,1740.6793685691955,Normal
PRV52941,43,13950,324.4186046511628,1740.6793685691955,Normal
PRV56735,412,133630,324.34466019417476,1740.6793685691955,Normal
PRV52798,56,18160,324.2857142857143,1740.6793685691955,Normal
PRV52090,303,98250,324.25742574257424,1740.6793685691955,Normal
PRV53036,122,39530,324.0163934426229,1740.6793685691955,Normal
PRV53337,5,1620,324.0,1740.6793685691955,Normal
PRV52795,19,6150,323.6842105263158,1740.6793685691955,Normal
PRV53253,110,35600,323.6363636363636,1740.6793685691955,Normal
PRV51013,46,14880,323.4782608695652,1740.6793685691955,Normal
PRV51726,21,6790,323.3333333333333,1740.6793685691955,Normal
PRV56976,6,1940,323.3333333333333,1740.6793685691955,Normal
PRV57422,104,33620,323.2692307692308,1740.6793685691955,Normal
PRV52895,81,26180,323.2098765432099,1740.6793685691955,Normal
PRV52599,272,87890,323.125,1740.6793685691955,Normal
PRV56743,393,126960,323.0534351145038,1740.6793685691955,Normal
PRV51702,10,3230,323.0,1740.6793685691955,Normal
PRV52412,63,20340,322.85714285714283,1740.6793685691955,Normal
PRV54278,61,19690,322.78688524590166,1740.6793685691955,Normal
PRV54608,33,10650,322.72727272727275,1740.6793685691955,Normal
PRV52332,64,20650,322.65625,1740.6793685691955,Normal
PRV57674,413,133220,322.5665859564165,1740.6793685691955,Normal
PRV54303,16,5160,322.5,1740.6793685691955,Normal
PRV55408,16,5160,322.5,1740.6793685691955,Normal
PRV53303,111,35770,322.2522522522523,1740.6793685691955,Normal
PRV56642,141,45430,322.1985815602837,1740.6793685691955,Normal
PRV57539,33,10630,322.1212121212121,1740.6793685691955,Normal
PRV52822,135,43480,322.0740740740741,1740.6793685691955,Normal
PRV53334,29,9340,322.0689655172414,1740.6793685691955,Normal
PRV53572,5,1610,322.0,1740.6793685691955,Normal
PRV53696,15,4830,322.0,1740.6793685691955,Normal
PRV54944,120,38620,321.8333333333333,1740.6793685691955,Normal
PRV57716,11,3540,321.8181818181818,1740.6793685691955,Normal
PRV51366,57,18340,321.7543859649123,1740.6793685691955,Normal
PRV56957,138,44400,321.7391304347826,1740.6793685691955,Normal
PRV55984,392,126120,321.734693877551,1740.6793685691955,Normal
PRV53805,70,22520,321.7142857142857,1740.6793685691955,Normal
PRV55782,6,1930,321.6666666666667,1740.6793685691955,Normal
PRV53681,31,9970,321.61290322580646,1740.6793685691955,Normal
PRV54610,45,14470,321.55555555555554,1740.6793685691955,Normal
PRV53733,20,6430,321.5,1740.6793685691955,Normal
PRV56114,41,13180,321.4634146341463,1740.6793685691955,Normal
PRV56266,30,9640,321.3333333333333,1740.6793685691955,Normal
PRV56360,78,25060,321.28205128205127,1740.6793685691955,Normal
PRV55206,103,33090,321.2621359223301,1740.6793685691955,Normal
PRV51905,257,82540,321.16731517509726,1740.6793685691955,Normal
PRV51210,9,2890,321.1111111111111,1740.6793685691955,Normal
PRV52041,1885,604980,320.9442970822281,1740.6793685691955,Normal
PRV52486,69,22140,320.8695652173913,1740.6793685691955,Normal
PRV57551,132,42330,320.6818181818182,1740.6793685691955,Normal
PRV55537,15,4810,320.6666666666667,1740.6793685691955,Normal
PRV54982,37,11860,320.5405405405405,1740.6793685691955,Normal
PRV55438,219,70190,320.50228310502285,1740.6793685691955,Normal
PRV53352,288,92300,320.4861111111111,1740.6793685691955,Normal
PRV51779,24,7690,320.4166666666667,1740.6793685691955,Normal
PRV54121,48,15370,320.2083333333333,1740.6793685691955,Normal
PRV56813,106,33940,320.188679245283,1740.6793685691955,Normal
PRV51769,15,4800,320.0,1740.6793685691955,Normal
PRV53085,2,640,320.0,1740.6793685691955,Normal
PRV56051,4,1280,320.0,1740.6793685691955,Normal
PRV56344,11,3520,320.0,1740.6793685691955,Normal
PRV56729,219,70080,320.0,1740.6793685691955,Normal
PRV52452,274,87650,319.8905109489051,1740.6793685691955,Normal
PRV55177,327,104420,319.3272171253823,1740.6793685691955,Normal
PRV55692,152,48480,318.94736842105266,1740.6793685691955,Normal
PRV55733,46,14670,318.9130434782609,1740.6793685691955,Normal
PRV53607,26,8290,318.84615384615387,1740.6793685691955,Normal
PRV52577,8,2550,318.75,1740.6793685691955,Normal
PRV54618,32,10200,318.75,1740.6793685691955,Normal
PRV57329,36,11470,318.6111111111111,1740.6793685691955,Normal
PRV52571,508,161790,318.48425196850394,1740.6793685691955,Normal
PRV52455,76,24200,318.42105263157896,1740.6793685691955,Normal
PRV53534,76,24190,318.2894736842105,1740.6793685691955,Normal
PRV56640,23,7320,318.2608695652174,1740.6793685691955,Normal
PRV51326,44,14000,318.1818181818182,1740.6793685691955,Normal
PRV55806,16,5090,318.125,1740.6793685691955,Normal
PRV57314,48,15270,318.125,1740.6793685691955,Normal
PRV52539,14,4450,317.85714285714283,1740.6793685691955,Normal
PRV57532,351,111560,317.83475783475785,1740.6793685691955,Normal
PRV53764,39,12390,317.6923076923077,1740.6793685691955,Normal
PRV56523,21,6670,317.6190476190476,1740.6793685691955,Normal
PRV53689,561,178130,317.5222816399287,1740.6793685691955,Normal
PRV56939,16,5080,317.5,1740.6793685691955,Normal
PRV56960,8,2540,317.5,1740.6793685691955,Normal
PRV56398,19,6030,317.36842105263156,1740.6793685691955,Normal
PRV57658,51,16170,317.05882352941177,1740.6793685691955,Normal
PRV51416,81,25640,316.5432098765432,1740.6793685691955,Normal
PRV54289,56,17720,316.42857142857144,1740.6793685691955,Normal
PRV54652,38,12020,316.3157894736842,1740.6793685691955,Normal
PRV52859,911,287930,316.059275521405,1740.6793685691955,Normal
PRV54786,1316,415900,316.03343465045594,1740.6793685691955,Normal
PRV52485,5,1580,316.0,1740.6793685691955,Normal
PRV55252,45,14220,316.0,1740.6793685691955,Normal
PRV57585,140,44220,315.85714285714283,1740.6793685691955,Normal
PRV57153,94,29690,315.8510638297872,1740.6793685691955,Normal
PRV56590,33,10410,315.45454545454544,1740.6793685691955,Normal
PRV55525,933,294250,315.3804930332262,1740.6793685691955,Normal
PRV53895,1273,401380,315.30243519245874,1740.6793685691955,Normal
PRV56212,17,5360,315.29411764705884,1740.6793685691955,Normal
PRV51860,776,244610,315.21907216494844,1740.6793685691955,Normal
PRV51867,102,32130,315.0,1740.6793685691955,Normal
PRV56931,21,6610,314.76190476190476,1740.6793685691955,Normal
PRV55558,36,11330,314.72222222222223,1740.6793685691955,Normal
PRV57541,31,9750,314.51612903225805,1740.6793685691955,Normal
PRV53827,9,2830,314.44444444444446,1740.6793685691955,Normal
PRV51462,30,9430,314.3333333333333,1740.6793685691955,Normal
PRV51924,50,15710,314.2,1740.6793685691955,Normal
PRV53213,22,6910,314.09090909090907,1740.6793685691955,Normal
PRV53217,5,1570,314.0,1740.6793685691955,Normal
PRV54668,306,96050,313.8888888888889,1740.6793685691955,Normal
PRV52663,576,180650,313.62847222222223,1740.6793685691955,Normal
PRV52336,86,26960,313.48837209302326,1740.6793685691955,Normal
PRV54578,77,24130,313.3766233766234,1740.6793685691955,Normal
PRV52222,54,16920,313.3333333333333,1740.6793685691955,Normal
PRV53326,102,31950,313.2352941176471,1740.6793685691955,Normal
PRV52138,188,58880,313.1914893617021,1740.6793685691955,Normal
PRV57361,60,18790,313.1666666666667,1740.6793685691955,Normal
PRV54593,35,10960,313.14285714285717,1740.6793685691955,Normal
PRV53550,10,3130,313.0,1740.6793685691955,Normal
PRV57365,183,57260,312.89617486338796,1740.6793685691955,Normal
PRV57424,38,11890,312.89473684210526,1740.6793685691955,Normal
PRV51535,388,121350,312.75773195876286,1740.6793685691955,Normal
PRV51509,1030,322130,312.747572815534,1740.6793685691955,Normal
PRV51454,34,10630,312.6470588235294,1740.6793685691955,Normal
PRV55503,604,188780,312.5496688741722,1740.6793685691955,Normal
PRV56782,288,90010,312.53472222222223,1740.6793685691955,Normal
PRV53909,256,79990,312.4609375,1740.6793685691955,Normal
PRV54404,266,83080,312.3308270676692,1740.6793685691955,Normal
PRV53945,49,15300,312.2448979591837,1740.6793685691955,Normal
PRV53824,114,35580,312.10526315789474,1740.6793685691955,Normal
PRV52993,10,3120,312.0,1740.6793685691955,Normal
PRV56021,128,39920,311.875,1740.6793685691955,Normal
PRV56379,53,16520,311.6981132075472,1740.6793685691955,Normal
PRV56869,36,11220,311.6666666666667,1740.6793685691955,Normal
PRV52377,44,13700,311.3636363636364,1740.6793685691955,Normal
PRV51298,100,31120,311.2,1740.6793685691955,Normal
PRV57549,518,161160,311.11969111969114,1740.6793685691955,Normal
PRV52996,37,11510,311.0810810810811,1740.6793685691955,Normal
PRV53102,19,5910,311.05263157894734,1740.6793685691955,Normal
PRV56598,280,87080,311.0,1740.6793685691955,Normal
PRV55269,172,53490,310.98837209302326,1740.6793685691955,Normal
PRV51204,499,155180,310.9819639278557,1740.6793685691955,Normal
PRV54734,138,42870,310.6521739130435,1740.6793685691955,Normal
PRV53294,582,180760,310.58419243986253,1740.6793685691955,Normal
PRV56758,531,164890,310.52730696798494,1740.6793685691955,Normal
PRV51152,83,25770,310.48192771084337,1740.6793685691955,Normal
PRV53353,30,9310,310.3333333333333,1740.6793685691955,Normal
PRV56517,123,38170,310.3252032520325,1740.6793685691955,Normal
PRV56234,70,21720,310.2857142857143,1740.6793685691955,Normal
PRV56559,1113,345330,310.26954177897574,1740.6793685691955,Normal
PRV57693,133,41250,310.1503759398496,1740.6793685691955,Normal
PRV53773,567,175830,310.1058201058201,1740.6793685691955,Normal
PRV57000,61,18910,310.0,1740.6793685691955,Normal
PRV55270,204,63190,309.7549019607843,1740.6793685691955,Normal
PRV57242,103,31900,309.70873786407765,1740.6793685691955,Normal
PRV53674,496,153530,309.53629032258067,1740.6793685691955,Normal
PRV55489,361,111740,309.52908587257616,1740.6793685691955,Normal
PRV56198,21,6500,309.5238095238095,1740.6793685691955,Normal
PRV53933,265,81990,309.39622641509436,1740.6793685691955,Normal
PRV52656,775,239770,309.3806451612903,1740.6793685691955,Normal
PRV54109,16,4950,309.375,1740.6793685691955,Normal
PRV52930,127,39290,309.37007874015745,1740.6793685691955,Normal
PRV53087,31,9580,309.03225806451616,1740.6793685691955,Normal
PRV52062,184,56860,309.0217391304348,1740.6793685691955,Normal
PRV53654,39,12040,308.71794871794873,1740.6793685691955,Normal
PRV51991,31,9570,308.7096774193548,1740.6793685691955,Normal
PRV53756,59,18210,308.64406779661016,1740.6793685691955,Normal
PRV53077,124,38270,308.6290322580645,1740.6793685691955,Normal
PRV56275,80,24690,308.625,1740.6793685691955,Normal
PRV51345,49,15120,308.57142857142856,1740.6793685691955,Normal
PRV52191,28,8640,308.57142857142856,1740.6793685691955,Normal
PRV55449,21,6480,308.57142857142856,1740.6793685691955,Normal
PRV55723,47,14500,308.51063829787233,1740.6793685691955,Normal
PRV51915,20,6170,308.5,1740.6793685691955,Normal
PRV52037,171,52660,307.953216374269,1740.6793685691955,Normal
PRV56552,24,7390,307.9166666666667,1740.6793685691955,Normal
PRV54895,3436,1057610,307.80267753201394,1740.6793685691955,Normal
PRV54080,573,176370,307.80104712041884,1740.6793685691955,Normal
PRV54273,234,72020,307.77777777777777,1740.6793685691955,Normal
PRV53714,144,44310,307.7083333333333,1740.6793685691955,Normal
PRV55239,161,49540,307.70186335403724,1740.6793685691955,Normal
PRV53568,4,1230,307.5,1740.6793685691955,Normal
PRV56792,8,2460,307.5,1740.6793685691955,Normal
PRV55411,39,11990,307.43589743589746,1740.6793685691955,Normal
PRV54038,19,5840,307.36842105263156,1740.6793685691955,Normal
PRV53526,60,18440,307.3333333333333,1740.6793685691955,Normal
PRV56949,104,31960,307.3076923076923,1740.6793685691955,Normal
PRV57187,114,35010,307.10526315789474,1740.6793685691955,Normal
PRV56973,17,5220,307.05882352941177,1740.6793685691955,Normal
PRV54671,3,920,306.6666666666667,1740.6793685691955,Normal
PRV52661,247,75690,306.43724696356276,1740.6793685691955,Normal
PRV51984,525,160780,306.247619047619,1740.6793685691955,Normal
PRV53375,15,4590,306.0,1740.6793685691955,Normal
PRV51049,71,21720,305.9154929577465,1740.6793685691955,Normal
PRV54358,43,13150,305.8139534883721,1740.6793685691955,Normal
PRV56353,96,29340,305.625,1740.6793685691955,Normal
PRV56675,323,98690,305.54179566563465,1740.6793685691955,Normal
PRV53952,15,4580,305.3333333333333,1740.6793685691955,Normal
PRV53969,118,35990,305.0,1740.6793685691955,Normal
PRV56648,49,14940,304.8979591836735,1740.6793685691955,Normal
PRV52109,248,75580,304.758064516129,1740.6793685691955,Normal
PRV56439,443,134960,304.65011286681715,1740.6793685691955,Normal
PRV52527,160,48730,304.5625,1740.6793685691955,Normal
PRV51691,88,26790,304.4318181818182,1740.6793685691955,Normal
PRV52631,1057,321750,304.399243140965,1740.6793685691955,Normal
PRV56013,90,27360,304.0,1740.6793685691955,Normal
PRV52838,83,25230,303.9759036144578,1740.6793685691955,Normal
PRV52679,53,16100,303.77358490566036,1740.6793685691955,Normal
PRV56209,189,57370,303.5449735449736,1740.6793685691955,Normal
PRV53960,420,127360,303.23809523809524,1740.6793685691955,Normal
PRV56248,934,283190,303.2012847965739,1740.6793685691955,Normal
PRV57100,25,7580,303.2,1740.6793685691955,Normal
PRV52648,842,255250,303.14726840855104,1740.6793685691955,Normal
PRV53001,150,45460,303.06666666666666,1740.6793685691955,Normal
PRV55340,108,32730,303.05555555555554,1740.6793685691955,Normal
PRV56374,25,7570,302.8,1740.6793685691955,Normal
PRV54854,131,39660,302.7480916030534,1740.6793685691955,Normal
PRV51527,41,12410,302.6829268292683,1740.6793685691955,Normal
PRV54519,15,4540,302.6666666666667,1740.6793685691955,Normal
PRV53560,23,6960,302.60869565217394,1740.6793685691955,Normal
PRV51753,4,1210,302.5,1740.6793685691955,Normal
PRV55064,621,187750,302.33494363929145,1740.6793685691955,Normal
PRV52031,125,37770,302.16,1740.6793685691955,Normal
PRV54630,85,25680,302.11764705882354,1740.6793685691955,Normal
PRV57572,265,80050,302.07547169811323,1740.6793685691955,Normal
PRV51885,85,25670,302.0,1740.6793685691955,Normal
PRV52352,32,9660,301.875,1740.6793685691955,Normal
PRV52374,228,68780,301.6666666666667,1740.6793685691955,Normal
PRV54585,75,22620,301.6,1740.6793685691955,Normal
PRV56581,7,2110,301.42857142857144,1740.6793685691955,Normal
PRV52745,156,47020,301.4102564102564,1740.6793685691955,Normal
PRV55324,25,7530,301.2,1740.6793685691955,Normal
PRV52720,50,15050,301.0,1740.6793685691955,Normal
PRV53625,147,44210,300.7482993197279,1740.6793685691955,Normal
PRV56094,25,7510,300.4,1740.6793685691955,Normal
PRV53127,99,29730,300.3030303030303,1740.6793685691955,Normal
PRV55467,1896,569280,300.253164556962,1740.6793685691955,Normal
PRV54911,85,25520,300.2352941176471,1740.6793685691955,Normal
PRV51569,5,1500,300.0,1740.6793685691955,Normal
PRV51587,5,1500,300.0,1740.6793685691955,Normal
PRV52228,8,2400,300.0,1740.6793685691955,Normal
PRV52586,1,300,300.0,1740.6793685691955,Normal
PRV52669,1,300,300.0,1740.6793685691955,Normal
PRV52797,1,300,300.0,1740.6793685691955,Normal
PRV53501,1,300,300.0,1740.6793685691955,Normal
PRV54420,1,300,300.0,1740.6793685691955,Normal
PRV55244,25,7500,300.0,1740.6793685691955,Normal
PRV55584,2,600,300.0,1740.6793685691955,Normal
PRV55637,1,300,300.0,1740.6793685691955,Normal
PRV56087,1,300,300.0,1740.6793685691955,Normal
PRV56295,4,1200,300.0,1740.6793685691955,Normal
PRV57386,1,300,300.0,1740.6793685691955,Normal
PRV57755,1,300,300.0,1740.6793685691955,Normal
PRV54107,147,44080,299.86394557823127,1740.6793685691955,Normal
PRV53956,526,157610,299.638783269962,1740.6793685691955,Normal
PRV52030,2275,681360,299.4989010989011,1740.6793685691955,Normal
PRV57233,140,41920,299.42857142857144,1740.6793685691955,Normal
PRV52369,547,163780,299.41499085923215,1740.6793685691955,Normal
PRV53593,17,5090,299.4117647058824,1740.6793685691955,Normal
PRV53335,381,114030,299.29133858267716,1740.6793685691955,Normal
PRV56447,170,50870,299.2352941176471,1740.6793685691955,Normal
PRV56783,85,25430,299.1764705882353,1740.6793685691955,Normal
PRV54725,116,34700,299.13793103448273,1740.6793685691955,Normal
PRV54469,11,3290,299.09090909090907,1740.6793685691955,Normal
PRV55313,192,57410,299.0104166666667,1740.6793685691955,Normal
PRV53255,26,7760,298.46153846153845,1740.6793685691955,Normal
PRV57218,413,123230,298.3777239709443,1740.6793685691955,Normal
PRV56251,30,8950,298.3333333333333,1740.6793685691955,Normal
PRV55789,23,6860,298.2608695652174,1740.6793685691955,Normal
PRV52964,91,27140,298.24175824175825,1740.6793685691955,Normal
PRV53838,194,57800,297.9381443298969,1740.6793685691955,Normal
PRV55043,119,35450,297.89915966386553,1740.6793685691955,Normal
PRV53450,50,14890,297.8,1740.6793685691955,Normal
PRV54908,115,34230,297.6521739130435,1740.6793685691955,Normal
PRV56721,202,60120,297.6237623762376,1740.6793685691955,Normal
PRV53715,24,7140,297.5,1740.6793685691955,Normal
PRV57288,93,27650,297.31182795698925,1740.6793685691955,Normal
PRV54695,53,15750,297.1698113207547,1740.6793685691955,Normal
PRV55274,70,20800,297.14285714285717,1740.6793685691955,Normal
PRV54938,86,25530,296.86046511627904,1740.6793685691955,Normal
PRV57046,97,28790,296.8041237113402,1740.6793685691955,Normal
PRV55969,688,204140,296.7151162790698,1740.6793685691955,Normal
PRV53137,30,8900,296.6666666666667,1740.6793685691955,Normal
PRV55510,861,255210,296.411149825784,1740.6793685691955,Normal
PRV53555,11,3260,296.3636363636364,1740.6793685691955,Normal
PRV54563,267,79070,296.14232209737827,1740.6793685691955,Normal
PRV52257,15,4440,296.0,1740.6793685691955,Normal
PRV56030,204,60370,295.9313725490196,1740.6793685691955,Normal
PRV56088,85,25150,295.88235294117646,1740.6793685691955,Normal
PRV52568,87,25730,295.7471264367816,1740.6793685691955,Normal
PRV52025,119,35190,295.7142857142857,1740.6793685691955,Normal
PRV56093,7,2070,295.7142857142857,1740.6793685691955,Normal
PRV54939,1380,407800,295.5072463768116,1740.6793685691955,Normal
PRV51967,57,16830,295.2631578947368,1740.6793685691955,Normal
PRV57411,29,8560,295.17241379310343,1740.6793685691955,Normal
PRV54496,8,2360,295.0,1740.6793685691955,Normal
PRV57546,18,5310,295.0,1740.6793685691955,Normal
PRV57657,54,15930,295.0,1740.6793685691955,Normal
PRV53523,89,26250,294.9438202247191,1740.6793685691955,Normal
PRV53816,194,57210,294.89690721649487,1740.6793685691955,Normal
PRV57514,51,15030,294.70588235294116,1740.6793685691955,Normal
PRV55913,1267,373270,294.6093133385951,1740.6793685691955,Normal
PRV57318,150,44180,294.53333333333336,1740.6793685691955,Normal
PRV52395,912,268430,294.3311403508772,1740.6793685691955,Normal
PRV54092,481,141550,294.28274428274426,1740.6793685691955,Normal
PRV54619,33,9710,294.24242424242425,1740.6793685691955,Normal
PRV52233,216,63540,294.1666666666667,1740.6793685691955,Normal
PRV53717,61,17940,294.0983606557377,1740.6793685691955,Normal
PRV52354,66,19400,293.93939393939394,1740.6793685691955,Normal
PRV55233,187,54940,293.7967914438503,1740.6793685691955,Normal
PRV56999,8,2350,293.75,1740.6793685691955,Normal
PRV53076,105,30840,293.7142857142857,1740.6793685691955,Normal
PRV55822,384,112770,293.671875,1740.6793685691955,Normal
PRV55580,66,19380,293.6363636363636,1740.6793685691955,Normal
PRV54141,31,9100,293.5483870967742,1740.6793685691955,Normal
PRV52490,17,4990,293.52941176470586,1740.6793685691955,Normal
PRV55200,69,20250,293.4782608695652,1740.6793685691955,Normal
PRV54947,26,7630,293.46153846153845,1740.6793685691955,Normal
PRV53133,159,46660,293.45911949685535,1740.6793685691955,Normal
PRV55004,2399,703610,293.29303876615256,1740.6793685691955,Normal
PRV56593,46,13490,293.2608695652174,1740.6793685691955,Normal
PRV51961,159,46610,293.1446540880503,1740.6793685691955,Normal
PRV53276,291,85280,293.05841924398624,1740.6793685691955,Normal
PRV52907,183,53600,292.89617486338796,1740.6793685691955,Normal
PRV56430,38,11130,292.89473684210526,1740.6793685691955,Normal
PRV54020,7,2050,292.85714285714283,1740.6793685691955,Normal
PRV56760,643,188300,292.84603421461895,1740.6793685691955,Normal
PRV51114,262,76720,292.82442748091603,1740.6793685691955,Normal
PRV54888,413,120880,292.6876513317191,1740.6793685691955,Normal
PRV53634,497,145400,292.55533199195173,1740.6793685691955,Normal
PRV55330,4,1170,292.5,1740.6793685691955,Normal
PRV56653,72,21060,292.5,1740.6793685691955,Normal
PRV52768,25,7310,292.4,1740.6793685691955,Normal
PRV53002,397,116040,292.29219143576825,1740.6793685691955,Normal
PRV53279,36,10520,292.22222222222223,1740.6793685691955,Normal
PRV53680,27,7890,292.22222222222223,1740.6793685691955,Normal
PRV54448,23,6720,292.17391304347825,1740.6793685691955,Normal
PRV52085,824,240620,292.0145631067961,1740.6793685691955,Normal
PRV54400,96,28030,291.9791666666667,1740.6793685691955,Normal
PRV57603,169,49340,291.9526627218935,1740.6793685691955,Normal
PRV52104,1189,347070,291.9007569386039,1740.6793685691955,Normal
PRV56025,153,44660,291.8954248366013,1740.6793685691955,Normal
PRV51137,55,16050,291.8181818181818,1740.6793685691955,Normal
PRV56426,436,127230,291.8119266055046,1740.6793685691955,Normal
PRV53594,101,29470,291.7821782178218,1740.6793685691955,Normal
PRV52435,70,20420,291.7142857142857,1740.6793685691955,Normal
PRV53672,487,142060,291.7043121149897,1740.6793685691955,Normal
PRV52950,116,33830,291.63793103448273,1740.6793685691955,Normal
PRV56829,193,56270,291.55440414507774,1740.6793685691955,Normal
PRV53965,110,32070,291.54545454545456,1740.6793685691955,Normal
PRV57417,9,2620,291.1111111111111,1740.6793685691955,Normal
PRV52313,504,146700,291.07142857142856,1740.6793685691955,Normal
PRV56444,1317,383140,290.91875474563403,1740.6793685691955,Normal
PRV52049,192,55850,290.8854166666667,1740.6793685691955,Normal
PRV51499,474,137840,290.80168776371306,1740.6793685691955,Normal
PRV57170,579,168360,290.77720207253884,1740.6793685691955,Normal
PRV53806,173,50270,290.5780346820809,1740.6793685691955,Normal
PRV52403,216,62760,290.55555555555554,1740.6793685691955,Normal
PRV55931,295,85700,290.50847457627117,1740.6793685691955,Normal
PRV53045,216,62730,290.4166666666667,1740.6793685691955,Normal
PRV53230,56,16260,290.35714285714283,1740.6793685691955,Normal
PRV51531,34,9870,290.29411764705884,1740.6793685691955,Normal
PRV55831,810,235090,290.2345679012346,1740.6793685691955,Normal
PRV54362,50,14510,290.2,1740.6793685691955,Normal
PRV57689,53,15380,290.188679245283,1740.6793685691955,Normal
PRV55210,174,50480,290.11494252873564,1740.6793685691955,Normal
PRV52026,24,6960,290.0,1740.6793685691955,Normal
PRV56942,24,6960,290.0,1740.6793685691955,Normal
PRV57266,34,9860,290.0,1740.6793685691955,Normal
PRV51480,1924,557880,289.95841995841994,1740.6793685691955,Normal
PRV57333,1004,291020,289.8605577689243,1740.6793685691955,Normal
PRV57407,217,62860,289.6774193548387,1740.6793685691955,Normal
PRV56252,18,5210,289.44444444444446,1740.6793685691955,Normal
PRV57257,17,4920,289.4117647058824,1740.6793685691955,Normal
PRV52560,503,145450,289.16500994035783,1740.6793685691955,Normal
PRV51369,2083,601910,288.96303408545367,1740.6793685691955,Normal
PRV53056,35,10110,288.85714285714283,1740.6793685691955,Normal
PRV51347,2067,596900,288.7760038703435,1740.6793685691955,Normal
PRV54433,14,4040,288.57142857142856,1740.6793685691955,Normal
PRV55116,284,81920,288.4507042253521,1740.6793685691955,Normal
PRV51574,4444,1281810,288.4360936093609,1740.6793685691955,Normal
PRV52487,177,51030,288.3050847457627,1740.6793685691955,Normal
PRV57419,17,4900,288.2352941176471,1740.6793685691955,Normal
PRV55919,21,6050,288.0952380952381,1740.6793685691955,Normal
PRV54171,72,20740,288.05555555555554,1740.6793685691955,Normal
PRV52056,60,17280,288.0,1740.6793685691955,Normal
PRV53390,15,4320,288.0,1740.6793685691955,Normal
PRV54642,49,14110,287.9591836734694,1740.6793685691955,Normal
PRV52628,2098,604120,287.9504289799809,1740.6793685691955,Normal
PRV56277,19,5470,287.89473684210526,1740.6793685691955,Normal
PRV52204,9,2590,287.77777777777777,1740.6793685691955,Normal
PRV52358,18,5180,287.77777777777777,1740.6793685691955,Normal
PRV56554,48,13810,287.7083333333333,1740.6793685691955,Normal
PRV56791,233,67030,287.6824034334764,1740.6793685691955,Normal
PRV57639,17,4890,287.6470588235294,1740.6793685691955,Normal
PRV56380,21,6040,287.6190476190476,1740.6793685691955,Normal
PRV53835,8,2300,287.5,1740.6793685691955,Normal
PRV52788,401,115280,287.48129675810475,1740.6793685691955,Normal
PRV55163,587,168750,287.4787052810903,1740.6793685691955,Normal
PRV57611,134,38520,287.46268656716416,1740.6793685691955,Normal
PRV55470,470,135060,287.36170212765956,1740.6793685691955,Normal
PRV57190,83,23850,287.34939759036143,1740.6793685691955,Normal
PRV55426,77,22110,287.14285714285717,1740.6793685691955,Normal
PRV55360,17,4880,287.05882352941177,1740.6793685691955,Normal
PRV53288,43,12340,286.9767441860465,1740.6793685691955,Normal
PRV56576,234,67150,286.96581196581195,1740.6793685691955,Normal
PRV55719,23,6600,286.95652173913044,1740.6793685691955,Normal
PRV51011,58,16630,286.7241379310345,1740.6793685691955,Normal
PRV51712,3,860,286.6666666666667,1740.6793685691955,Normal
PRV55450,201,57610,286.6169154228856,1740.6793685691955,Normal
PRV57171,191,54690,286.3350785340314,1740.6793685691955,Normal
PRV53702,1010,289070,286.2079207920792,1740.6793685691955,Normal
PRV51340,151,43210,286.158940397351,1740.6793685691955,Normal
PRV55104,52,14880,286.15384615384613,1740.6793685691955,Normal
PRV54564,803,229780,286.1519302615193,1740.6793685691955,Normal
PRV54486,28,8010,286.07142857142856,1740.6793685691955,Normal
PRV51265,160,45770,286.0625,1740.6793685691955,Normal
PRV55463,257,73500,285.9922178988327,1740.6793685691955,Normal
PRV55281,190,54330,285.94736842105266,1740.6793685691955,Normal
PRV53544,17,4860,285.88235294117646,1740.6793685691955,Normal
PRV55697,26,7430,285.7692307692308,1740.6793685691955,Normal
PRV54852,180,51420,285.6666666666667,1740.6793685691955,Normal
PRV57668,23,6570,285.6521739130435,1740.6793685691955,Normal
PRV54475,151,43120,285.5629139072848,1740.6793685691955,Normal
PRV55804,9,2570,285.55555555555554,1740.6793685691955,Normal
PRV56211,83,23700,285.5421686746988,1740.6793685691955,Normal
PRV53874,524,149580,285.4580152671756,1740.6793685691955,Normal
PRV56525,66,18830,285.3030303030303,1740.6793685691955,Normal
PRV56828,142,40510,285.28169014084506,1740.6793685691955,Normal
PRV53794,167,47640,285.2694610778443,1740.6793685691955,Normal
PRV53624,143,40790,285.24475524475525,1740.6793685691955,Normal
PRV52558,494,140900,285.2226720647773,1740.6793685691955,Normal
PRV51567,1632,465400,285.171568627451,1740.6793685691955,Normal
PRV55515,459,130860,285.0980392156863,1740.6793685691955,Normal
PRV55585,114,32500,285.0877192982456,1740.6793685691955,Normal
PRV55977,1302,371100,285.0230414746544,1740.6793685691955,Normal
PRV53000,703,200250,284.850640113798,1740.6793685691955,Normal
PRV52738,62,17660,284.83870967741933,1740.6793685691955,Normal
PRV53354,18,5120,284.44444444444446,1740.6793685691955,Normal
PRV54837,1843,524060,284.35160065111234,1740.6793685691955,Normal
PRV51154,161,45750,284.16149068322983,1740.6793685691955,Normal
PRV54813,1056,300030,284.1193181818182,1740.6793685691955,Normal
PRV55548,562,159660,284.0925266903915,1740.6793685691955,Normal
PRV51959,751,213350,284.08788282290277,1740.6793685691955,Normal
PRV54985,223,63340,284.0358744394619,1740.6793685691955,Normal
PRV55108,223,63340,284.0358744394619,1740.6793685691955,Normal
PRV52587,137,38900,283.94160583941607,1740.6793685691955,Normal
PRV53750,1245,353470,283.9116465863454,1740.6793685691955,Normal
PRV54603,57,16180,283.859649122807,1740.6793685691955,Normal
PRV54301,13,3690,283.84615384615387,1740.6793685691955,Normal
PRV55942,82,23270,283.780487804878,1740.6793685691955,Normal
PRV53067,16,4540,283.75,1740.6793685691955,Normal
PRV56019,659,186820,283.49013657056145,1740.6793685691955,Normal
PRV53477,50,14170,283.4,1740.6793685691955,Normal
PRV54345,167,47280,283.1137724550898,1740.6793685691955,Normal
PRV55917,50,14150,283.0,1740.6793685691955,Normal
PRV56788,177,50070,282.8813559322034,1740.6793685691955,Normal
PRV57346,532,150430,282.7631578947368,1740.6793685691955,Normal
PRV55026,272,76910,282.75735294117646,1740.6793685691955,Normal
PRV53918,3588,1014510,282.75083612040135,1740.6793685691955,Normal
PRV51410,628,177550,282.7229299363057,1740.6793685691955,Normal
PRV57325,41,11580,282.4390243902439,1740.6793685691955,Normal
PRV57186,42,11860,282.3809523809524,1740.6793685691955,Normal
PRV51433,1610,454630,282.37888198757764,1740.6793685691955,Normal
PRV55865,325,91750,282.3076923076923,1740.6793685691955,Normal
PRV53905,77,21730,282.2077922077922,1740.6793685691955,Normal
PRV53055,80,22570,282.125,1740.6793685691955,Normal
PRV52581,142,40050,282.0422535211268,1740.6793685691955,Normal
PRV55038,15,4230,282.0,1740.6793685691955,Normal
PRV56526,32,9020,281.875,1740.6793685691955,Normal
PRV54829,75,21140,281.8666666666667,1740.6793685691955,Normal
PRV55986,232,65390,281.8534482758621,1740.6793685691955,Normal
PRV56375,54,15220,281.85185185185185,1740.6793685691955,Normal
PRV54066,148,41710,281.8243243243243,1740.6793685691955,Normal
PRV56689,1794,505530,281.7892976588629,1740.6793685691955,Normal
PRV51459,8240,2321890,281.78276699029124,1740.6793685691955,Normal
PRV51670,436,122850,281.76605504587155,1740.6793685691955,Normal
PRV52863,52,14650,281.7307692307692,1740.6793685691955,Normal
PRV56451,259,72950,281.66023166023166,1740.6793685691955,Normal
PRV51836,1794,505000,281.4938684503902,1740.6793685691955,Normal
PRV52914,61,17170,281.4754098360656,1740.6793685691955,Normal
PRV55184,56,15760,281.42857142857144,1740.6793685691955,Normal
PRV55625,21,5910,281.42857142857144,1740.6793685691955,Normal
PRV56595,56,15760,281.42857142857144,1740.6793685691955,Normal
PRV57199,7,1970,281.42857142857144,1740.6793685691955,Normal
PRV55314,89,25040,281.34831460674155,1740.6793685691955,Normal
PRV57154,52,14630,281.34615384615387,1740.6793685691955,Normal
PRV53754,9,2530,281.1111111111111,1740.6793685691955,Normal
PRV51716,82,23030,280.8536585365854,1740.6793685691955,Normal
PRV55522,248,69570,280.5241935483871,1740.6793685691955,Normal
PRV52400,231,64710,280.12987012987014,1740.6793685691955,Normal
PRV52752,2,560,280.0,1740.6793685691955,Normal
PRV53196,16,4480,280.0,1740.6793685691955,Normal
PRV53446,46,12880,280.0,1740.6793685691955,Normal
PRV53619,2,560,280.0,1740.6793685691955,Normal
PRV53915,545,152600,280.0,1740.6793685691955,Normal
PRV54007,5,1400,280.0,1740.6793685691955,Normal
PRV54551,7,1960,280.0,1740.6793685691955,Normal
PRV55565,23,6440,280.0,1740.6793685691955,Normal
PRV55882,23,6440,280.0,1740.6793685691955,Normal
PRV54557,564,157890,279.9468085106383,1740.6793685691955,Normal
PRV52361,158,44230,279.9367088607595,1740.6793685691955,Normal
PRV54410,37,10350,279.72972972972974,1740.6793685691955,Normal
PRV56116,35,9790,279.7142857142857,1740.6793685691955,Normal
PRV51673,183,51180,279.672131147541,1740.6793685691955,Normal
PRV55306,59,16500,279.66101694915255,1740.6793685691955,Normal
PRV53964,146,40830,279.6575342465753,1740.6793685691955,Normal
PRV55058,227,63470,279.6035242290749,1740.6793685691955,Normal
PRV57432,48,13420,279.5833333333333,1740.6793685691955,Normal
PRV56967,91,25440,279.56043956043953,1740.6793685691955,Normal
PRV54966,1796,502010,279.51559020044544,1740.6793685691955,Normal
PRV56232,35,9780,279.42857142857144,1740.6793685691955,Normal
PRV52649,2156,602190,279.30890538033395,1740.6793685691955,Normal
PRV55264,528,147430,279.2234848484849,1740.6793685691955,Normal
PRV54562,206,57510,279.1747572815534,1740.6793685691955,Normal
PRV52046,101,28190,279.1089108910891,1740.6793685691955,Normal
PRV51788,139,38790,279.0647482014389,1740.6793685691955,Normal
PRV51295,7,1950,278.57142857142856,1740.6793685691955,Normal
PRV56479,140,38990,278.5,1740.6793685691955,Normal
PRV55416,73,20330,278.4931506849315,1740.6793685691955,Normal
PRV55752,563,156720,278.3658969804618,1740.6793685691955,Normal
PRV56625,36,10020,278.3333333333333,1740.6793685691955,Normal
PRV56930,24,6680,278.3333333333333,1740.6793685691955,Normal
PRV54716,141,39240,278.29787234042556,1740.6793685691955,Normal
PRV55965,33,9180,278.1818181818182,1740.6793685691955,Normal
PRV57287,289,80390,278.16608996539793,1740.6793685691955,Normal
PRV54265,406,112930,278.1527093596059,1740.6793685691955,Normal
PRV57672,425,118190,278.09411764705885,1740.6793685691955,Normal
PRV56638,26,7230,278.0769230769231,1740.6793685691955,Normal
PRV52543,171,47550,278.0701754385965,1740.6793685691955,Normal
PRV56270,1043,289970,278.01534036433367,1740.6793685691955,Normal
PRV57348,920,255770,278.0108695652174,1740.6793685691955,Normal
PRV53621,81,22500,277.77777777777777,1740.6793685691955,Normal
PRV54704,161,44710,277.70186335403724,1740.6793685691955,Normal
PRV52311,28,7770,277.5,1740.6793685691955,Normal
PRV54269,118,32740,277.45762711864404,1740.6793685691955,Normal
PRV52953,85,23580,277.4117647058824,1740.6793685691955,Normal
PRV57733,45,12480,277.3333333333333,1740.6793685691955,Normal
PRV55268,48,13310,277.2916666666667,1740.6793685691955,Normal
PRV53888,70,19410,277.2857142857143,1740.6793685691955,Normal
PRV53072,18,4990,277.22222222222223,1740.6793685691955,Normal
PRV54941,18,4990,277.22222222222223,1740.6793685691955,Normal
PRV52917,32,8870,277.1875,1740.6793685691955,Normal
PRV55915,32,8870,277.1875,1740.6793685691955,Normal
PRV51017,515,142720,277.126213592233,1740.6793685691955,Normal
PRV51669,76,21060,277.10526315789474,1740.6793685691955,Normal
PRV53695,116,32120,276.8965517241379,1740.6793685691955,Normal
PRV54685,145,40150,276.8965517241379,1740.6793685691955,Normal
PRV51147,32,8860,276.875,1740.6793685691955,Normal
PRV54510,149,41250,276.8456375838926,1740.6793685691955,Normal
PRV53887,598,165500,276.75585284280936,1740.6793685691955,Normal
PRV55598,167,46190,276.58682634730536,1740.6793685691955,Normal
PRV56697,78,21570,276.53846153846155,1740.6793685691955,Normal
PRV54953,102,28200,276.47058823529414,1740.6793685691955,Normal
PRV56655,251,69380,276.41434262948206,1740.6793685691955,Normal
PRV54975,132,36460,276.2121212121212,1740.6793685691955,Normal
PRV57062,58,16020,276.2068965517241,1740.6793685691955,Normal
PRV56333,42,11600,276.1904761904762,1740.6793685691955,Normal
PRV53913,131,36180,276.1832061068702,1740.6793685691955,Normal
PRV56454,159,43910,276.1635220125786,1740.6793685691955,Normal
PRV55298,57,15740,276.140350877193,1740.6793685691955,Normal
PRV56187,18,4970,276.1111111111111,1740.6793685691955,Normal
PRV55035,14,3860,275.7142857142857,1740.6793685691955,Normal
PRV51504,128,35290,275.703125,1740.6793685691955,Normal
PRV53950,298,82130,275.6040268456376,1740.6793685691955,Normal
PRV51921,70,19290,275.57142857142856,1740.6793685691955,Normal
PRV52187,27,7440,275.55555555555554,1740.6793685691955,Normal
PRV57449,103,28380,275.5339805825243,1740.6793685691955,Normal
PRV55361,85,23420,275.52941176470586,1740.6793685691955,Normal
PRV51848,57,15680,275.0877192982456,1740.6793685691955,Normal
PRV53797,4739,1303600,275.0791306182739,1740.6793685691955,Normal
PRV54694,330,90760,275.030303030303,1740.6793685691955,Normal
PRV51652,64,17600,275.0,1740.6793685691955,Normal
PRV53074,178,48950,275.0,1740.6793685691955,Normal
PRV55877,4,1100,275.0,1740.6793685691955,Normal
PRV55523,303,83320,274.983498349835,1740.6793685691955,Normal
PRV53670,1173,322450,274.89343563512364,1740.6793685691955,Normal
PRV56608,856,235250,274.8247663551402,1740.6793685691955,Normal
PRV51675,28,7690,274.64285714285717,1740.6793685691955,Normal
PRV55410,56,15380,274.64285714285717,1740.6793685691955,Normal
PRV53018,41,11260,274.6341463414634,1740.6793685691955,Normal
PRV51911,93,25540,274.6236559139785,1740.6793685691955,Normal
PRV56762,39,10710,274.61538461538464,1740.6793685691955,Normal
PRV53934,122,33500,274.59016393442624,1740.6793685691955,Normal
PRV53623,894,245450,274.5525727069351,1740.6793685691955,Normal
PRV51141,71,19490,274.50704225352115,1740.6793685691955,Normal
PRV53627,118,32390,274.49152542372883,1740.6793685691955,Normal
PRV51323,76,20860,274.4736842105263,1740.6793685691955,Normal
PRV56508,177,48580,274.4632768361582,1740.6793685691955,Normal
PRV52860,393,107830,274.3765903307888,1740.6793685691955,Normal
PRV52639,37,10150,274.3243243243243,1740.6793685691955,Normal
PRV56467,349,95720,274.269340974212,1740.6793685691955,Normal
PRV55166,72,19740,274.1666666666667,1740.6793685691955,Normal
PRV51484,86,23570,274.06976744186045,1740.6793685691955,Normal
PRV54387,415,113710,274.0,1740.6793685691955,Normal
PRV52399,434,118800,273.7327188940092,1740.6793685691955,Normal
PRV51196,720,197060,273.69444444444446,1740.6793685691955,Normal
PRV52450,298,81540,273.6241610738255,1740.6793685691955,Normal
PRV51167,190,51980,273.57894736842104,1740.6793685691955,Normal
PRV56850,17,4650,273.52941176470586,1740.6793685691955,Normal
PRV57167,238,65100,273.52941176470586,1740.6793685691955,Normal
PRV52365,739,202130,273.51826792963465,1740.6793685691955,Normal
PRV57312,334,91320,273.41317365269464,1740.6793685691955,Normal
PRV54972,62,16950,273.38709677419354,1740.6793685691955,Normal
PRV53460,3,820,273.3333333333333,1740.6793685691955,Normal
PRV54288,15,4100,273.3333333333333,1740.6793685691955,Normal
PRV54588,63,17220,273.3333333333333,1740.6793685691955,Normal
PRV57159,228,62310,273.2894736842105,1740.6793685691955,Normal
PRV55701,186,50800,273.1182795698925,1740.6793685691955,Normal
PRV53291,10,2730,273.0,1740.6793685691955,Normal
PRV55405,10,2730,273.0,1740.6793685691955,Normal
PRV56597,191,52120,272.87958115183244,1740.6793685691955,Normal
PRV53633,66,18010,272.8787878787879,1740.6793685691955,Normal
PRV52934,32,8730,272.8125,1740.6793685691955,Normal
PRV53682,365,99570,272.7945205479452,1740.6793685691955,Normal
PRV55866,115,31370,272.7826086956522,1740.6793685691955,Normal
PRV53192,149,40610,272.5503355704698,1740.6793685691955,Normal
PRV55057,347,94560,272.507204610951,1740.6793685691955,Normal
PRV52068,48,13080,272.5,1740.6793685691955,Normal
PRV52001,1177,320620,272.4044180118946,1740.6793685691955,Normal
PRV52614,156,42480,272.3076923076923,1740.6793685691955,Normal
PRV56951,19,5170,272.10526315789474,1740.6793685691955,Normal
PRV52591,46,12510,271.95652173913044,1740.6793685691955,Normal
PRV52011,26,7070,271.9230769230769,1740.6793685691955,Normal
PRV57306,2315,629460,271.9049676025918,1740.6793685691955,Normal
PRV57004,123,33440,271.869918699187,1740.6793685691955,Normal
PRV52058,204,55450,271.8137254901961,1740.6793685691955,Normal
PRV55777,17,4620,271.7647058823529,1740.6793685691955,Normal
PRV57710,409,111150,271.76039119804403,1740.6793685691955,Normal
PRV53374,387,105160,271.7312661498708,1740.6793685691955,Normal
PRV54511,32,8690,271.5625,1740.6793685691955,Normal
PRV56765,22,5970,271.3636363636364,1740.6793685691955,Normal
PRV51718,8,2170,271.25,1740.6793685691955,Normal
PRV56194,8,2170,271.25,1740.6793685691955,Normal
PRV55012,73,19800,271.2328767123288,1740.6793685691955,Normal
PRV54365,115,31190,271.2173913043478,1740.6793685691955,Normal
PRV51262,60,16270,271.1666666666667,1740.6793685691955,Normal
PRV55342,9,2440,271.1111111111111,1740.6793685691955,Normal
PRV55050,183,49610,271.09289617486337,1740.6793685691955,Normal
PRV56634,206,55830,271.0194174757282,1740.6793685691955,Normal
PRV52901,85,23030,270.94117647058823,1740.6793685691955,Normal
PRV54573,22,5960,270.90909090909093,1740.6793685691955,Normal
PRV57315,22,5960,270.90909090909093,1740.6793685691955,Normal
PRV55593,147,39820,270.8843537414966,1740.6793685691955,Normal
PRV53569,14,3790,270.7142857142857,1740.6793685691955,Normal
PRV57426,60,16240,270.6666666666667,1740.6793685691955,Normal
PRV51045,31,8390,270.64516129032256,1740.6793685691955,Normal
PRV51502,31,8390,270.64516129032256,1740.6793685691955,Normal
PRV55002,100,27060,270.6,1740.6793685691955,Normal
PRV56863,52,14070,270.5769230769231,1740.6793685691955,Normal
PRV54723,90,24350,270.55555555555554,1740.6793685691955,Normal
PRV54758,95,25690,270.42105263157896,1740.6793685691955,Normal
PRV52573,587,158670,270.30664395229985,1740.6793685691955,Normal
PRV51972,35,9460,270.2857142857143,1740.6793685691955,Normal
PRV51838,200,54000,270.0,1740.6793685691955,Normal
PRV52140,19,5130,270.0,1740.6793685691955,Normal
PRV53162,5,1350,270.0,1740.6793685691955,Normal
PRV53735,3,810,270.0,1740.6793685691955,Normal
PRV52214,47,12680,269.78723404255317,1740.6793685691955,Normal
PRV52275,101,27220,269.5049504950495,1740.6793685691955,Normal
PRV57429,154,41490,269.4155844155844,1740.6793685691955,Normal
PRV51036,278,74880,269.3525179856115,1740.6793685691955,Normal
PRV52022,66,17770,269.24242424242425,1740.6793685691955,Normal
PRV51856,117,31500,269.2307692307692,1740.6793685691955,Normal
PRV56536,65,17500,269.2307692307692,1740.6793685691955,Normal
PRV54741,177,47650,269.2090395480226,1740.6793685691955,Normal
PRV55726,36,9690,269.1666666666667,1740.6793685691955,Normal
PRV53499,46,12370,268.9130434782609,1740.6793685691955,Normal
PRV54554,26,6990,268.84615384615387,1740.6793685691955,Normal
PRV55319,17,4570,268.8235294117647,1740.6793685691955,Normal
PRV52645,408,109630,268.70098039215685,1740.6793685691955,Normal
PRV54070,1467,393990,268.56850715746424,1740.6793685691955,Normal
PRV54855,212,56930,268.5377358490566,1740.6793685691955,Normal
PRV53359,213,57150,268.3098591549296,1740.6793685691955,Normal
PRV56039,97,26020,268.2474226804124,1740.6793685691955,Normal
PRV56036,49,13140,268.16326530612247,1740.6793685691955,Normal
PRV54683,462,123850,268.0735930735931,1740.6793685691955,Normal
PRV56287,107,28680,268.0373831775701,1740.6793685691955,Normal
PRV54690,840,224960,267.8095238095238,1740.6793685691955,Normal
PRV52692,36,9640,267.77777777777777,1740.6793685691955,Normal
PRV56613,304,81390,267.73026315789474,1740.6793685691955,Normal
PRV51736,21,5620,267.6190476190476,1740.6793685691955,Normal
PRV53686,292,78140,267.6027397260274,1740.6793685691955,Normal
PRV57477,85,22740,267.52941176470586,1740.6793685691955,Normal
PRV53993,201,53770,267.5124378109453,1740.6793685691955,Normal
PRV53641,8,2140,267.5,1740.6793685691955,Normal
PRV54235,16,4280,267.5,1740.6793685691955,Normal
PRV56086,16,4280,267.5,1740.6793685691955,Normal
PRV52014,351,93890,267.4928774928775,1740.6793685691955,Normal
PRV56535,67,17920,267.46268656716416,1740.6793685691955,Normal
PRV55958,30,8020,267.3333333333333,1740.6793685691955,Normal
PRV55505,480,128250,267.1875,1740.6793685691955,Normal
PRV51279,224,59840,267.14285714285717,1740.6793685691955,Normal
PRV54371,31,8280,267.0967741935484,1740.6793685691955,Normal
PRV57436,41,10950,267.0731707317073,1740.6793685691955,Normal
PRV54582,71,18960,267.0422535211268,1740.6793685691955,Normal
PRV54238,348,92890,266.92528735632186,1740.6793685691955,Normal
PRV52825,22,5870,266.8181818181818,1740.6793685691955,Normal
PRV52701,96,25610,266.7708333333333,1740.6793685691955,Normal
PRV52309,170,45340,266.70588235294116,1740.6793685691955,Normal
PRV53983,24,6400,266.6666666666667,1740.6793685691955,Normal
PRV55926,26,6930,266.53846153846155,1740.6793685691955,Normal
PRV56182,51,13590,266.47058823529414,1740.6793685691955,Normal
PRV53490,145,38620,266.3448275862069,1740.6793685691955,Normal
PRV54960,193,51400,266.32124352331607,1740.6793685691955,Normal
PRV52337,773,205790,266.22250970245796,1740.6793685691955,Normal
PRV56368,34,9050,266.1764705882353,1740.6793685691955,Normal
PRV55343,90,23940,266.0,1740.6793685691955,Normal
PRV57119,5,1330,266.0,1740.6793685691955,Normal
PRV52633,379,100770,265.8839050131926,1740.6793685691955,Normal
PRV57434,316,83990,265.7911392405063,1740.6793685691955,Normal
PRV57491,116,30830,265.7758620689655,1740.6793685691955,Normal
PRV51464,145,38530,265.7241379310345,1740.6793685691955,Normal
PRV52066,1455,386530,265.65635738831617,1740.6793685691955,Normal
PRV57605,134,35590,265.5970149253731,1740.6793685691955,Normal
PRV51143,77,20450,265.5844155844156,1740.6793685691955,Normal
PRV55910,372,98770,265.51075268817203,1740.6793685691955,Normal
PRV56006,1090,289380,265.48623853211006,1740.6793685691955,Normal
PRV53973,170,45130,265.47058823529414,1740.6793685691955,Normal
PRV51054,57,15130,265.43859649122805,1740.6793685691955,Normal
PRV51250,85,22560,265.4117647058824,1740.6793685691955,Normal
PRV53484,63,16720,265.3968253968254,1740.6793685691955,Normal
PRV53086,4,1060,265.0,1740.6793685691955,Normal
PRV55289,14,3710,265.0,1740.6793685691955,Normal
PRV57588,2,530,265.0,1740.6793685691955,Normal
PRV55892,449,118910,264.8329621380846,1740.6793685691955,Normal
PRV55716,25,6620,264.8,1740.6793685691955,Normal
PRV57463,28,7410,264.64285714285717,1740.6793685691955,Normal
PRV56410,350,92530,264.37142857142857,1740.6793685691955,Normal
PRV53994,174,46000,264.367816091954,1740.6793685691955,Normal
PRV52668,7,1850,264.2857142857143,1740.6793685691955,Normal
PRV54550,21,5550,264.2857142857143,1740.6793685691955,Normal
PRV54415,27,7130,264.0740740740741,1740.6793685691955,Normal
PRV51229,47,12410,264.0425531914894,1740.6793685691955,Normal
PRV52175,221,58320,263.8914027149321,1740.6793685691955,Normal
PRV55091,18,4750,263.8888888888889,1740.6793685691955,Normal
PRV51695,429,113180,263.8228438228438,1740.6793685691955,Normal
PRV57181,121,31910,263.7190082644628,1740.6793685691955,Normal
PRV51601,14,3690,263.57142857142856,1740.6793685691955,Normal
PRV56511,23,6060,263.4782608695652,1740.6793685691955,Normal
PRV57193,393,103520,263.40966921119593,1740.6793685691955,Normal
PRV54454,171,45040,263.39181286549706,1740.6793685691955,Normal
PRV53145,132,34760,263.3333333333333,1740.6793685691955,Normal
PRV53629,15,3950,263.3333333333333,1740.6793685691955,Normal
PRV56821,12,3160,263.3333333333333,1740.6793685691955,Normal
PRV52491,63,16580,263.1746031746032,1740.6793685691955,Normal
PRV55227,46,12100,263.04347826086956,1740.6793685691955,Normal
PRV56856,90,23670,263.0,1740.6793685691955,Normal
PRV57380,87,22880,262.98850574712645,1740.6793685691955,Normal
PRV54761,822,216040,262.82238442822387,1740.6793685691955,Normal
PRV54539,69,18130,262.7536231884058,1740.6793685691955,Normal
PRV55339,30,7880,262.6666666666667,1740.6793685691955,Normal
PRV53761,38,9980,262.63157894736844,1740.6793685691955,Normal
PRV55556,206,54080,262.5242718446602,1740.6793685691955,Normal
PRV56651,71,18630,262.3943661971831,1740.6793685691955,Normal
PRV54158,9,2360,262.22222222222223,1740.6793685691955,Normal
PRV54049,132,34600,262.1212121212121,1740.6793685691955,Normal
PRV55001,158,41400,262.0253164556962,1740.6793685691955,Normal
PRV52323,190,49770,261.94736842105266,1740.6793685691955,Normal
PRV52154,742,194350,261.92722371967653,1740.6793685691955,Normal
PRV56011,2833,741640,261.7860924814684,1740.6793685691955,Normal
PRV53313,68,17800,261.7647058823529,1740.6793685691955,Normal
PRV51329,74,19360,261.6216216216216,1740.6793685691955,Normal
PRV55257,137,35840,261.6058394160584,1740.6793685691955,Normal
PRV51313,19,4970,261.57894736842104,1740.6793685691955,Normal
PRV52098,469,122660,261.5351812366738,1740.6793685691955,Normal
PRV52299,601,157140,261.46422628951746,1740.6793685691955,Normal
PRV52389,171,44690,261.34502923976606,1740.6793685691955,Normal
PRV54935,89,23250,261.23595505617976,1740.6793685691955,Normal
PRV55016,146,38140,261.2328767123288,1740.6793685691955,Normal
PRV51026,76,19840,261.05263157894734,1740.6793685691955,Normal
PRV52276,68,17750,261.02941176470586,1740.6793685691955,Normal
PRV55549,28,7300,260.7142857142857,1740.6793685691955,Normal
PRV53663,76,19810,260.6578947368421,1740.6793685691955,Normal
PRV52660,558,145400,260.57347670250897,1740.6793685691955,Normal
PRV55563,18,4690,260.55555555555554,1740.6793685691955,Normal
PRV55388,515,134180,260.54368932038835,1740.6793685691955,Normal
PRV57305,675,175750,260.3703703703704,1740.6793685691955,Normal
PRV56010,83,21600,260.2409638554217,1740.6793685691955,Normal
PRV51386,382,99320,260.0,1740.6793685691955,Normal
PRV55300,32,8320,260.0,1740.6793685691955,Normal
PRV55702,14,3640,260.0,1740.6793685691955,Normal
PRV56657,20,5200,260.0,1740.6793685691955,Normal
PRV56984,3,780,260.0,1740.6793685691955,Normal
PRV53662,331,86030,259.9093655589124,1740.6793685691955,Normal
PRV55322,28,7270,259.64285714285717,1740.6793685691955,Normal
PRV52433,85,22060,259.52941176470586,1740.6793685691955,Normal
PRV51156,542,140640,259.48339483394835,1740.6793685691955,Normal
PRV57125,370,95950,259.3243243243243,1740.6793685691955,Normal
PRV51878,12,3110,259.1666666666667,1740.6793685691955,Normal
PRV56504,66,17090,258.93939393939394,1740.6793685691955,Normal
PRV54036,100,25890,258.9,1740.6793685691955,Normal
PRV53351,18,4660,258.8888888888889,1740.6793685691955,Normal
PRV53042,39,10090,258.71794871794873,1740.6793685691955,Normal
PRV52721,7,1810,258.57142857142856,1740.6793685691955,Normal
PRV55941,57,14730,258.42105263157896,1740.6793685691955,Normal
PRV53740,47,12140,258.29787234042556,1740.6793685691955,Normal
PRV55098,27,6970,258.14814814814815,1740.6793685691955,Normal
PRV57047,16,4130,258.125,1740.6793685691955,Normal
PRV54747,21,5420,258.0952380952381,1740.6793685691955,Normal
PRV52319,30,7740,258.0,1740.6793685691955,Normal
PRV56393,10,2580,258.0,1740.6793685691955,Normal
PRV55243,257,66230,257.70428015564204,1740.6793685691955,Normal
PRV54596,64,16490,257.65625,1740.6793685691955,Normal
PRV51973,74,19060,257.56756756756755,1740.6793685691955,Normal
PRV55083,196,50470,257.5,1740.6793685691955,Normal
PRV55062,29,7460,257.2413793103448,1740.6793685691955,Normal
PRV51699,209,53760,257.2248803827751,1740.6793685691955,Normal
PRV54008,50,12860,257.2,1740.6793685691955,Normal
PRV57219,46,11830,257.17391304347825,1740.6793685691955,Normal
PRV55955,246,63250,257.1138211382114,1740.6793685691955,Normal
PRV53530,27,6940,257.037037037037,1740.6793685691955,Normal
PRV52437,43,11050,256.9767441860465,1740.6793685691955,Normal
PRV52542,62,15920,256.7741935483871,1740.6793685691955,Normal
PRV53527,37,9500,256.7567567567568,1740.6793685691955,Normal
PRV53587,3,770,256.6666666666667,1740.6793685691955,Normal
PRV51874,44,11290,256.59090909090907,1740.6793685691955,Normal
PRV52652,743,190560,256.47375504710635,1740.6793685691955,Normal
PRV52169,39,10000,256.4102564102564,1740.6793685691955,Normal
PRV52318,39,10000,256.4102564102564,1740.6793685691955,Normal
PRV55521,615,157650,256.3414634146341,1740.6793685691955,Normal
PRV57207,73,18710,256.3013698630137,1740.6793685691955,Normal
PRV55386,82,21010,256.219512195122,1740.6793685691955,Normal
PRV55432,29,7430,256.2068965517241,1740.6793685691955,Normal
PRV57152,400,102480,256.2,1740.6793685691955,Normal
PRV56878,26,6660,256.15384615384613,1740.6793685691955,Normal
PRV55633,358,91690,256.1173184357542,1740.6793685691955,Normal
PRV52189,23,5890,256.0869565217391,1740.6793685691955,Normal
PRV55653,25,6400,256.0,1740.6793685691955,Normal
PRV53900,789,201850,255.83016476552598,1740.6793685691955,Normal
PRV51253,85,21740,255.76470588235293,1740.6793685691955,Normal
PRV55061,95,24290,255.68421052631578,1740.6793685691955,Normal
PRV53709,99,25310,255.65656565656565,1740.6793685691955,Normal
PRV55455,373,95350,255.63002680965147,1740.6793685691955,Normal
PRV57534,152,38820,255.39473684210526,1740.6793685691955,Normal
PRV57529,295,75340,255.38983050847457,1740.6793685691955,Normal
PRV54162,32,8160,255.0,1740.6793685691955,Normal
PRV56297,28,7140,255.0,1740.6793685691955,Normal
PRV53912,66,16820,254.84848484848484,1740.6793685691955,Normal
PRV52501,19,4840,254.73684210526315,1740.6793685691955,Normal
PRV53896,43,10950,254.65116279069767,1740.6793685691955,Normal
PRV54954,71,18080,254.64788732394365,1740.6793685691955,Normal
PRV56672,161,40980,254.53416149068323,1740.6793685691955,Normal
PRV53151,25,6360,254.4,1740.6793685691955,Normal
PRV55182,102,25940,254.31372549019608,1740.6793685691955,Normal
PRV53371,43,10930,254.1860465116279,1740.6793685691955,Normal
PRV51665,15,3810,254.0,1740.6793685691955,Normal
PRV52605,1000,253880,253.88,1740.6793685691955,Normal
PRV52683,131,33240,253.74045801526717,1740.6793685691955,Normal
PRV52942,43,10910,253.72093023255815,1740.6793685691955,Normal
PRV53779,49,12430,253.6734693877551,1740.6793685691955,Normal
PRV57313,402,101970,253.65671641791045,1740.6793685691955,Normal
PRV54814,82,20790,253.53658536585365,1740.6793685691955,Normal
PRV54203,51,12930,253.52941176470588,1740.6793685691955,Normal
PRV56728,42,10640,253.33333333333334,1740.6793685691955,Normal
PRV56887,36,9120,253.33333333333334,1740.6793685691955,Normal
PRV57183,52,13170,253.26923076923077,1740.6793685691955,Normal
PRV57448,205,51920,253.26829268292684,1740.6793685691955,Normal
PRV55323,144,36470,253.26388888888889,1740.6793685691955,Normal
PRV52069,88,22280,253.1818181818182,1740.6793685691955,Normal
PRV51687,10,2530,253.0,1740.6793685691955,Normal
PRV57376,20,5060,253.0,1740.6793685691955,Normal
PRV55272,211,53340,252.7962085308057,1740.6793685691955,Normal
PRV53496,58,14660,252.75862068965517,1740.6793685691955,Normal
PRV52559,359,90740,252.75766016713092,1740.6793685691955,Normal
PRV53608,199,50290,252.71356783919597,1740.6793685691955,Normal
PRV54552,45,11370,252.66666666666666,1740.6793685691955,Normal
PRV55705,253,63920,252.64822134387353,1740.6793685691955,Normal
PRV55512,128,32330,252.578125,1740.6793685691955,Normal
PRV55945,20,5050,252.5,1740.6793685691955,Normal
PRV57311,338,85340,252.4852071005917,1740.6793685691955,Normal
PRV51963,54,13630,252.40740740740742,1740.6793685691955,Normal
PRV55246,227,57290,252.37885462555067,1740.6793685691955,Normal
PRV54136,30,7570,252.33333333333334,1740.6793685691955,Normal
PRV55820,477,120350,252.30607966457023,1740.6793685691955,Normal
PRV51529,23,5800,252.17391304347825,1740.6793685691955,Normal
PRV55224,23,5800,252.17391304347825,1740.6793685691955,Normal
PRV51933,57,14370,252.10526315789474,1740.6793685691955,Normal
PRV56797,5,1260,252.0,1740.6793685691955,Normal
PRV54156,121,30480,251.900826446281,1740.6793685691955,Normal
PRV51169,77,19380,251.6883116883117,1740.6793685691955,Normal
PRV56075,12,3020,251.66666666666666,1740.6793685691955,Normal
PRV56062,25,6290,251.6,1740.6793685691955,Normal
PRV57391,19,4780,251.57894736842104,1740.6793685691955,Normal
PRV51801,20,5030,251.5,1740.6793685691955,Normal
PRV53227,74,18610,251.48648648648648,1740.6793685691955,Normal
PRV52962,14,3520,251.42857142857142,1740.6793685691955,Normal
PRV52676,39,9800,251.28205128205127,1740.6793685691955,Normal
PRV52055,203,51010,251.2807881773399,1740.6793685691955,Normal
PRV57618,220,55280,251.27272727272728,1740.6793685691955,Normal
PRV52937,24,6030,251.25,1740.6793685691955,Normal
PRV53665,65,16330,251.23076923076923,1740.6793685691955,Normal
PRV54347,26,6530,251.15384615384616,1740.6793685691955,Normal
PRV54840,26,6520,250.76923076923077,1740.6793685691955,Normal
PRV51486,214,53660,250.74766355140187,1740.6793685691955,Normal
PRV56228,262,65670,250.64885496183206,1740.6793685691955,Normal
PRV55901,101,25300,250.4950495049505,1740.6793685691955,Normal
PRV56213,643,161060,250.48211508553655,1740.6793685691955,Normal
PRV53876,125,31310,250.48,1740.6793685691955,Normal
PRV55267,144,36020,250.13888888888889,1740.6793685691955,Normal
PRV51631,6,1500,250.0,1740.6793685691955,Normal
PRV52507,29,7250,250.0,1740.6793685691955,Normal
PRV52729,2,500,250.0,1740.6793685691955,Normal
PRV53125,2,500,250.0,1740.6793685691955,Normal
PRV53589,2,500,250.0,1740.6793685691955,Normal
PRV53966,2,500,250.0,1740.6793685691955,Normal
PRV54800,2,500,250.0,1740.6793685691955,Normal
PRV56637,161,40250,250.0,1740.6793685691955,Normal
PRV56807,91,22740,249.8901098901099,1740.6793685691955,Normal
PRV55530,71,17730,249.71830985915494,1740.6793685691955,Normal
PRV57520,23,5740,249.56521739130434,1740.6793685691955,Normal
PRV52818,39,9730,249.48717948717947,1740.6793685691955,Normal
PRV55099,97,24200,249.48453608247422,1740.6793685691955,Normal
PRV54900,14,3490,249.28571428571428,1740.6793685691955,Normal
PRV52129,223,55590,249.28251121076232,1740.6793685691955,Normal
PRV57736,12,2990,249.16666666666666,1740.6793685691955,Normal
PRV53720,55,13700,249.0909090909091,1740.6793685691955,Normal
PRV52732,10,2490,249.0,1740.6793685691955,Normal
PRV55110,40,9960,249.0,1740.6793685691955,Normal
PRV51743,118,29380,248.98305084745763,1740.6793685691955,Normal
PRV52793,17,4230,248.8235294117647,1740.6793685691955,Normal
PRV57575,24,5970,248.75,1740.6793685691955,Normal
PRV54144,294,73130,248.74149659863946,1740.6793685691955,Normal
PRV52145,245,60910,248.6122448979592,1740.6793685691955,Normal
PRV52262,112,27840,248.57142857142858,1740.6793685691955,Normal
PRV53728,14,3480,248.57142857142858,1740.6793685691955,Normal
PRV57725,7,1740,248.57142857142858,1740.6793685691955,Normal
PRV55207,167,41510,248.562874251497,1740.6793685691955,Normal
PRV52528,26,6460,248.46153846153845,1740.6793685691955,Normal
PRV54300,6,1490,248.33333333333334,1740.6793685691955,Normal
PRV54528,23,5710,248.2608695652174,1740.6793685691955,Normal
PRV55771,73,18120,248.21917808219177,1740.6793685691955,Normal
PRV52493,16,3970,248.125,1740.6793685691955,Normal
PRV54714,10,2480,248.0,1740.6793685691955,Normal
PRV57253,44,10910,247.95454545454547,1740.6793685691955,Normal
PRV53532,9,2230,247.77777777777777,1740.6793685691955,Normal
PRV56272,22,5450,247.72727272727272,1740.6793685691955,Normal
PRV54670,159,39370,247.61006289308176,1740.6793685691955,Normal
PRV55353,12,2970,247.5,1740.6793685691955,Normal
PRV55395,12,2970,247.5,1740.6793685691955,Normal
PRV52241,23,5690,247.3913043478261,1740.6793685691955,Normal
PRV57202,165,40810,247.33333333333334,1740.6793685691955,Normal
PRV55587,7,1730,247.14285714285714,1740.6793685691955,Normal
PRV55354,178,43990,247.13483146067415,1740.6793685691955,Normal
PRV55277,17,4200,247.05882352941177,1740.6793685691955,Normal
PRV55053,54,13340,247.03703703703704,1740.6793685691955,Normal
PRV53817,21,5180,246.66666666666666,1740.6793685691955,Normal
PRV56836,3,740,246.66666666666666,1740.6793685691955,Normal
PRV57161,6,1480,246.66666666666666,1740.6793685691955,Normal
PRV53386,53,13070,246.60377358490567,1740.6793685691955,Normal
PRV54257,282,69540,246.59574468085106,1740.6793685691955,Normal
PRV51775,39,9610,246.4102564102564,1740.6793685691955,Normal
PRV52224,41,10100,246.34146341463415,1740.6793685691955,Normal
PRV55560,21,5170,246.1904761904762,1740.6793685691955,Normal
PRV53922,55,13530,246.0,1740.6793685691955,Normal
PRV54360,37,9100,245.94594594594594,1740.6793685691955,Normal
PRV51361,32,7870,245.9375,1740.6793685691955,Normal
PRV53772,22,5410,245.9090909090909,1740.6793685691955,Normal
PRV53293,41,10080,245.85365853658536,1740.6793685691955,Normal
PRV56052,12,2950,245.83333333333334,1740.6793685691955,Normal
PRV51740,57,14010,245.78947368421052,1740.6793685691955,Normal
PRV51934,111,27270,245.67567567567568,1740.6793685691955,Normal
PRV51996,41,10070,245.609756097561,1740.6793685691955,Normal
PRV55011,56,13750,245.53571428571428,1740.6793685691955,Normal
PRV55872,139,34120,245.46762589928056,1740.6793685691955,Normal
PRV56222,101,24770,245.24752475247524,1740.6793685691955,Normal
PRV56659,141,34550,245.03546099290782,1740.6793685691955,Normal
PRV52790,28,6860,245.0,1740.6793685691955,Normal
PRV54792,22,5390,245.0,1740.6793685691955,Normal
PRV56892,13,3180,244.6153846153846,1740.6793685691955,Normal
PRV56693,373,91230,244.58445040214477,1740.6793685691955,Normal
PRV55727,68,16630,244.55882352941177,1740.6793685691955,Normal
PRV57531,68,16630,244.55882352941177,1740.6793685691955,Normal
PRV54287,155,37900,244.51612903225808,1740.6793685691955,Normal
PRV51790,76,18580,244.47368421052633,1740.6793685691955,Normal
PRV55819,198,48390,244.3939393939394,1740.6793685691955,Normal
PRV55362,148,36170,244.3918918918919,1740.6793685691955,Normal
PRV52488,183,44710,244.3169398907104,1740.6793685691955,Normal
PRV55997,326,79640,244.29447852760737,1740.6793685691955,Normal
PRV52593,582,142020,244.02061855670104,1740.6793685691955,Normal
PRV52075,5,1220,244.0,1740.6793685691955,Normal
PRV52351,425,103700,244.0,1740.6793685691955,Normal
PRV55376,88,21470,243.97727272727272,1740.6793685691955,Normal
PRV52439,121,29520,243.96694214876032,1740.6793685691955,Normal
PRV56471,43,10490,243.95348837209303,1740.6793685691955,Normal
PRV52988,312,76070,243.81410256410257,1740.6793685691955,Normal
PRV57385,90,21930,243.66666666666666,1740.6793685691955,Normal
PRV53149,61,14860,243.60655737704917,1740.6793685691955,Normal
PRV51799,3,730,243.33333333333334,1740.6793685691955,Normal
PRV52674,3,730,243.33333333333334,1740.6793685691955,Normal
PRV52061,131,31790,242.67175572519085,1740.6793685691955,Normal
PRV54580,30,7280,242.66666666666666,1740.6793685691955,Normal
PRV51562,24,5820,242.5,1740.6793685691955,Normal
PRV55999,306,74190,242.45098039215685,1740.6793685691955,Normal
PRV53078,45,10880,241.77777777777777,1740.6793685691955,Normal
PRV52657,121,29250,241.73553719008265,1740.6793685691955,Normal
PRV54423,93,22480,241.72043010752688,1740.6793685691955,Normal
PRV55479,672,162410,241.68154761904762,1740.6793685691955,Normal
PRV55214,190,45880,241.47368421052633,1740.6793685691955,Normal
PRV53700,913,220320,241.31434830230012,1740.6793685691955,Normal
PRV52371,72,17370,241.25,1740.6793685691955,Normal
PRV51005,1165,280910,241.1244635193133,1740.6793685691955,Normal
PRV52702,28,6750,241.07142857142858,1740.6793685691955,Normal
PRV51293,88,21200,240.9090909090909,1740.6793685691955,Normal
PRV53150,13,3130,240.76923076923077,1740.6793685691955,Normal
PRV52665,607,146130,240.74135090609556,1740.6793685691955,Normal
PRV56104,483,116260,240.703933747412,1740.6793685691955,Normal
PRV55940,32,7690,240.3125,1740.6793685691955,Normal
PRV55534,146,35080,240.27397260273972,1740.6793685691955,Normal
PRV54868,105,25220,240.1904761904762,1740.6793685691955,Normal
PRV55731,135,32410,240.07407407407408,1740.6793685691955,Normal
PRV56963,6,1440,240.0,1740.6793685691955,Normal
PRV53301,67,16070,239.8507462686567,1740.6793685691955,Normal
PRV55929,287,68790,239.68641114982577,1740.6793685691955,Normal
PRV55936,24,5750,239.58333333333334,1740.6793685691955,Normal
PRV57410,241,57710,239.46058091286307,1740.6793685691955,Normal
PRV53004,18,4310,239.44444444444446,1740.6793685691955,Normal
PRV55499,33,7900,239.3939393939394,1740.6793685691955,Normal
PRV53222,45,10770,239.33333333333334,1740.6793685691955,Normal
PRV56835,103,24640,239.2233009708738,1740.6793685691955,Normal
PRV51899,23,5500,239.1304347826087,1740.6793685691955,Normal
PRV52873,69,16500,239.1304347826087,1740.6793685691955,Normal
PRV53069,11,2630,239.0909090909091,1740.6793685691955,Normal
PRV52948,106,25320,238.8679245283019,1740.6793685691955,Normal
PRV52384,33,7880,238.78787878787878,1740.6793685691955,Normal
PRV51129,96,22920,238.75,1740.6793685691955,Normal
PRV57507,112,26740,238.75,1740.6793685691955,Normal
PRV53694,61,14560,238.68852459016392,1740.6793685691955,Normal
PRV56159,30,7160,238.66666666666666,1740.6793685691955,Normal
PRV56618,135,32210,238.59259259259258,1740.6793685691955,Normal
PRV53113,81,19320,238.5185185185185,1740.6793685691955,Normal
PRV51936,20,4770,238.5,1740.6793685691955,Normal
PRV51859,65,15500,238.46153846153845,1740.6793685691955,Normal
PRV55316,65,15490,238.30769230769232,1740.6793685691955,Normal
PRV57673,217,51690,238.20276497695852,1740.6793685691955,Normal
PRV51541,51,12140,238.0392156862745,1740.6793685691955,Normal
PRV51928,30,7140,238.0,1740.6793685691955,Normal
PRV55007,14,3330,237.85714285714286,1740.6793685691955,Normal
PRV51496,123,29250,237.8048780487805,1740.6793685691955,Normal
PRV53214,18,4280,237.77777777777777,1740.6793685691955,Normal
PRV57596,160,38040,237.75,1740.6793685691955,Normal
PRV52713,60,14260,237.66666666666666,1740.6793685691955,Normal
PRV51273,553,131340,237.50452079566003,1740.6793685691955,Normal
PRV52980,601,142660,237.3710482529118,1740.6793685691955,Normal
PRV51668,38,9020,237.3684210526316,1740.6793685691955,Normal
PRV51201,45,10660,236.88888888888889,1740.6793685691955,Normal
PRV55754,22,5210,236.8181818181818,1740.6793685691955,Normal
PRV52966,3,710,236.66666666666666,1740.6793685691955,Normal
PRV56214,3,710,236.66666666666666,1740.6793685691955,Normal
PRV53859,143,33810,236.43356643356643,1740.6793685691955,Normal
PRV52800,8,1890,236.25,1740.6793685691955,Normal
PRV53439,24,5670,236.25,1740.6793685691955,Normal
PRV54481,8,1890,236.25,1740.6793685691955,Normal
PRV54730,40,9450,236.25,1740.6793685691955,Normal
PRV57256,8,1890,236.25,1740.6793685691955,Normal
PRV53026,26,6140,236.15384615384616,1740.6793685691955,Normal
PRV55446,98,23140,236.12244897959184,1740.6793685691955,Normal
PRV57602,38,8970,236.05263157894737,1740.6793685691955,Normal
PRV51209,42,9910,235.95238095238096,1740.6793685691955,Normal
PRV55401,49,11560,235.91836734693877,1740.6793685691955,Normal
PRV51858,61,14380,235.7377049180328,1740.6793685691955,Normal
PRV54780,21,4950,235.71428571428572,1740.6793685691955,Normal
PRV51032,23,5420,235.65217391304347,1740.6793685691955,Normal
PRV51754,9,2120,235.55555555555554,1740.6793685691955,Normal
PRV55273,18,4240,235.55555555555554,1740.6793685691955,Normal
PRV51616,26,6120,235.3846153846154,1740.6793685691955,Normal
PRV53540,13,3060,235.3846153846154,1740.6793685691955,Normal
PRV51175,41,9650,235.3658536585366,1740.6793685691955,Normal
PRV53553,30,7060,235.33333333333334,1740.6793685691955,Normal
PRV52310,454,106790,235.2202643171806,1740.6793685691955,Normal
PRV56345,572,134510,235.15734265734267,1740.6793685691955,Normal
PRV57691,51,11990,235.09803921568627,1740.6793685691955,Normal
PRV57623,4,940,235.0,1740.6793685691955,Normal
PRV57536,79,18560,234.9367088607595,1740.6793685691955,Normal
PRV56367,45,10550,234.44444444444446,1740.6793685691955,Normal
PRV57610,32,7500,234.375,1740.6793685691955,Normal
PRV51171,59,13820,234.23728813559322,1740.6793685691955,Normal
PRV55187,125,29270,234.16,1740.6793685691955,Normal
PRV51776,54,12640,234.07407407407408,1740.6793685691955,Normal
PRV53260,134,31320,233.73134328358208,1740.6793685691955,Normal
PRV52483,223,52110,233.67713004484304,1740.6793685691955,Normal
PRV54370,181,42270,233.53591160220995,1740.6793685691955,Normal
PRV52386,237,55300,233.33333333333334,1740.6793685691955,Normal
PRV56045,120,27980,233.16666666666666,1740.6793685691955,Normal
PRV55079,47,10940,232.7659574468085,1740.6793685691955,Normal
PRV55794,11,2560,232.72727272727272,1740.6793685691955,Normal
PRV51200,19,4420,232.6315789473684,1740.6793685691955,Normal
PRV52981,369,85830,232.60162601626016,1740.6793685691955,Normal
PRV57137,43,9990,232.32558139534885,1740.6793685691955,Normal
PRV55920,110,25550,232.27272727272728,1740.6793685691955,Normal
PRV56262,15,3480,232.0,1740.6793685691955,Normal
PRV53726,16,3710,231.875,1740.6793685691955,Normal
PRV54349,77,17850,231.8181818181818,1740.6793685691955,Normal
PRV53031,6,1390,231.66666666666666,1740.6793685691955,Normal
PRV54455,6,1390,231.66666666666666,1740.6793685691955,Normal
PRV55081,30,6950,231.66666666666666,1740.6793685691955,Normal
PRV55295,88,20380,231.5909090909091,1740.6793685691955,Normal
PRV57654,72,16670,231.52777777777777,1740.6793685691955,Normal
PRV55357,161,37270,231.49068322981367,1740.6793685691955,Normal
PRV51478,17,3930,231.1764705882353,1740.6793685691955,Normal
PRV57421,35,8080,230.85714285714286,1740.6793685691955,Normal
PRV54437,14,3230,230.71428571428572,1740.6793685691955,Normal
PRV55535,42,9690,230.71428571428572,1740.6793685691955,Normal
PRV55036,64,14760,230.625,1740.6793685691955,Normal
PRV55959,324,74710,230.58641975308643,1740.6793685691955,Normal
PRV55876,19,4380,230.52631578947367,1740.6793685691955,Normal
PRV54210,20,4610,230.5,1740.6793685691955,Normal
PRV55898,27,6220,230.37037037037038,1740.6793685691955,Normal
PRV54246,43,9900,230.2325581395349,1740.6793685691955,Normal
PRV57332,98,22560,230.20408163265307,1740.6793685691955,Normal
PRV51047,11,2530,230.0,1740.6793685691955,Normal
PRV53656,5,1150,230.0,1740.6793685691955,Normal
PRV53864,2,460,230.0,1740.6793685691955,Normal
PRV56596,18,4140,230.0,1740.6793685691955,Normal
PRV56771,2,460,230.0,1740.6793685691955,Normal
PRV52416,42,9650,229.76190476190476,1740.6793685691955,Normal
PRV55010,289,66400,229.75778546712803,1740.6793685691955,Normal
PRV56718,142,32620,229.71830985915494,1740.6793685691955,Normal
PRV52492,34,7810,229.7058823529412,1740.6793685691955,Normal
PRV55734,310,71190,229.6451612903226,1740.6793685691955,Normal
PRV57339,458,105130,229.5414847161572,1740.6793685691955,Normal
PRV51731,38,8720,229.47368421052633,1740.6793685691955,Normal
PRV53767,18,4130,229.44444444444446,1740.6793685691955,Normal
PRV52013,62,14210,229.19354838709677,1740.6793685691955,Normal
PRV55275,54,12370,229.07407407407408,1740.6793685691955,Normal
PRV53310,10,2290,229.0,1740.6793685691955,Normal
PRV57516,10,2290,229.0,1740.6793685691955,Normal
PRV52666,39,8930,228.97435897435898,1740.6793685691955,Normal
PRV51155,115,26330,228.95652173913044,1740.6793685691955,Normal
PRV56154,19,4350,228.94736842105263,1740.6793685691955,Normal
PRV54893,8,1830,228.75,1740.6793685691955,Normal
PRV55635,59,13490,228.64406779661016,1740.6793685691955,Normal
PRV51694,26,5940,228.46153846153845,1740.6793685691955,Normal
PRV55220,102,23280,228.23529411764707,1740.6793685691955,Normal
PRV52185,68,15510,228.08823529411765,1740.6793685691955,Normal
PRV52356,98,22350,228.0612244897959,1740.6793685691955,Normal
PRV55935,550,125030,227.3272727272727,1740.6793685691955,Normal
PRV56149,27,6130,227.03703703703704,1740.6793685691955,Normal
PRV56635,10,2270,227.0,1740.6793685691955,Normal
PRV52436,44,9980,226.8181818181818,1740.6793685691955,Normal
PRV55541,134,30380,226.71641791044777,1740.6793685691955,Normal
PRV53991,62,14050,226.61290322580646,1740.6793685691955,Normal
PRV53875,41,9290,226.58536585365854,1740.6793685691955,Normal
PRV54438,272,61630,226.5808823529412,1740.6793685691955,Normal
PRV52168,78,17660,226.4102564102564,1740.6793685691955,Normal
PRV56241,140,31640,226.0,1740.6793685691955,Normal
PRV57014,76,17170,225.92105263157896,1740.6793685691955,Normal
PRV52928,41,9260,225.85365853658536,1740.6793685691955,Normal
PRV53940,97,21890,225.6701030927835,1740.6793685691955,Normal
PRV53306,78,17600,225.64102564102564,1740.6793685691955,Normal
PRV51989,18,4060,225.55555555555554,1740.6793685691955,Normal
PRV55464,29,6540,225.51724137931035,1740.6793685691955,Normal
PRV57512,108,24330,225.27777777777777,1740.6793685691955,Normal
PRV51563,19,4280,225.26315789473685,1740.6793685691955,Normal
PRV57761,82,18470,225.2439024390244,1740.6793685691955,Normal
PRV54005,8,1800,225.0,1740.6793685691955,Normal
PRV54019,4,900,225.0,1740.6793685691955,Normal
PRV55448,40,9000,225.0,1740.6793685691955,Normal
PRV55473,6,1350,225.0,1740.6793685691955,Normal
PRV56993,24,5400,225.0,1740.6793685691955,Normal
PRV57140,2,450,225.0,1740.6793685691955,Normal
PRV57692,2,450,225.0,1740.6793685691955,Normal
PRV56553,65,14620,224.92307692307693,1740.6793685691955,Normal
PRV53916,192,43180,224.89583333333334,1740.6793685691955,Normal
PRV56741,25,5620,224.8,1740.6793685691955,Normal
PRV54599,17,3820,224.7058823529412,1740.6793685691955,Normal
PRV54237,234,52560,224.6153846153846,1740.6793685691955,Normal
PRV55856,54,12120,224.44444444444446,1740.6793685691955,Normal
PRV51847,42,9420,224.28571428571428,1740.6793685691955,Normal
PRV53716,33,7400,224.24242424242425,1740.6793685691955,Normal
PRV51942,53,11880,224.1509433962264,1740.6793685691955,Normal
PRV53428,22,4930,224.0909090909091,1740.6793685691955,Normal
PRV52879,120,26880,224.0,1740.6793685691955,Normal
PRV53836,49,10970,223.87755102040816,1740.6793685691955,Normal
PRV57150,166,37160,223.85542168674698,1740.6793685691955,Normal
PRV52673,87,19470,223.79310344827587,1740.6793685691955,Normal
PRV55296,57,12750,223.68421052631578,1740.6793685691955,Normal
PRV53828,28,6260,223.57142857142858,1740.6793685691955,Normal
PRV53871,1220,272730,223.54918032786884,1740.6793685691955,Normal
PRV54421,65,14530,223.53846153846155,1740.6793685691955,Normal
PRV56948,3,670,223.33333333333334,1740.6793685691955,Normal
PRV53454,25,5580,223.2,1740.6793685691955,Normal
PRV54574,35,7800,222.85714285714286,1740.6793685691955,Normal
PRV56406,201,44770,222.7363184079602,1740.6793685691955,Normal
PRV54223,74,16480,222.7027027027027,1740.6793685691955,Normal
PRV54254,104,23140,222.5,1740.6793685691955,Normal
PRV55218,94,20910,222.4468085106383,1740.6793685691955,Normal
PRV54526,46,10230,222.3913043478261,1740.6793685691955,Normal
PRV55571,61,13560,222.29508196721312,1740.6793685691955,Normal
PRV52247,49,10890,222.24489795918367,1740.6793685691955,Normal
PRV51458,56,12440,222.14285714285714,1740.6793685691955,Normal
PRV54432,5,1110,222.0,1740.6793685691955,Normal
PRV55909,107,23750,221.9626168224299,1740.6793685691955,Normal
PRV56186,12,2660,221.66666666666666,1740.6793685691955,Normal
PRV54927,102,22600,221.5686274509804,1740.6793685691955,Normal
PRV53455,39,8640,221.53846153846155,1740.6793685691955,Normal
PRV51762,14,3100,221.42857142857142,1740.6793685691955,Normal
PRV53783,30,6640,221.33333333333334,1740.6793685691955,Normal
PRV52521,113,25000,221.23893805309734,1740.6793685691955,Normal
PRV57011,17,3760,221.1764705882353,1740.6793685691955,Normal
PRV55964,37,8180,221.0810810810811,1740.6793685691955,Normal
PRV55904,28,6190,221.07142857142858,1740.6793685691955,Normal
PRV55436,11,2430,220.9090909090909,1740.6793685691955,Normal
PRV52418,35,7730,220.85714285714286,1740.6793685691955,Normal
PRV52727,12,2650,220.83333333333334,1740.6793685691955,Normal
PRV54212,54,11920,220.74074074074073,1740.6793685691955,Normal
PRV57239,28,6180,220.71428571428572,1740.6793685691955,Normal
PRV53191,15,3310,220.66666666666666,1740.6793685691955,Normal
PRV56881,78,17200,220.51282051282053,1740.6793685691955,Normal
PRV55307,110,24250,220.45454545454547,1740.6793685691955,Normal
PRV56217,45,9920,220.44444444444446,1740.6793685691955,Normal
PRV52432,58,12780,220.3448275862069,1740.6793685691955,Normal
PRV57236,87,19170,220.3448275862069,1740.6793685691955,Normal
PRV57722,34,7490,220.2941176470588,1740.6793685691955,Normal
PRV56362,60,13210,220.16666666666666,1740.6793685691955,Normal
PRV53846,12,2640,220.0,1740.6793685691955,Normal
PRV55528,4,880,220.0,1740.6793685691955,Normal
PRV57583,14,3080,220.0,1740.6793685691955,Normal
PRV55211,32,7030,219.6875,1740.6793685691955,Normal
PRV55843,213,46740,219.43661971830986,1740.6793685691955,Normal
PRV55652,28,6140,219.28571428571428,1740.6793685691955,Normal
PRV51327,41,8990,219.26829268292684,1740.6793685691955,Normal
PRV56611,123,26970,219.26829268292684,1740.6793685691955,Normal
PRV51216,71,15560,219.1549295774648,1740.6793685691955,Normal
PRV54357,10,2190,219.0,1740.6793685691955,Normal
PRV55847,185,40460,218.7027027027027,1740.6793685691955,Normal
PRV56049,149,32580,218.65771812080536,1740.6793685691955,Normal
PRV53981,22,4810,218.63636363636363,1740.6793685691955,Normal
PRV53307,34,7430,218.52941176470588,1740.6793685691955,Normal
PRV56414,27,5900,218.5185185185185,1740.6793685691955,Normal
PRV56537,104,22710,218.3653846153846,1740.6793685691955,Normal
PRV54701,6,1310,218.33333333333334,1740.6793685691955,Normal
PRV55372,12,2620,218.33333333333334,1740.6793685691955,Normal
PRV53054,49,10690,218.16326530612244,1740.6793685691955,Normal
PRV57730,40,8720,218.0,1740.6793685691955,Normal
PRV51041,34,7410,217.94117647058823,1740.6793685691955,Normal
PRV53614,118,25710,217.88135593220338,1740.6793685691955,Normal
PRV55474,80,17430,217.875,1740.6793685691955,Normal
PRV57460,36,7840,217.77777777777777,1740.6793685691955,Normal
PRV55087,201,43770,217.76119402985074,1740.6793685691955,Normal
PRV54892,49,10670,217.75510204081633,1740.6793685691955,Normal
PRV53971,102,22210,217.7450980392157,1740.6793685691955,Normal
PRV51671,39,8490,217.69230769230768,1740.6793685691955,Normal
PRV51742,13,2830,217.69230769230768,1740.6793685691955,Normal
PRV51306,17,3700,217.64705882352942,1740.6793685691955,Normal
PRV55475,17,3700,217.64705882352942,1740.6793685691955,Normal
PRV56200,58,12600,217.24137931034483,1740.6793685691955,Normal
PRV55297,98,21280,217.14285714285714,1740.6793685691955,Normal
PRV52441,94,20410,217.12765957446808,1740.6793685691955,Normal
PRV51789,32,6940,216.875,1740.6793685691955,Normal
PRV54604,38,8240,216.8421052631579,1740.6793685691955,Normal
PRV57760,22,4770,216.8181818181818,1740.6793685691955,Normal
PRV56616,176,38150,216.76136363636363,1740.6793685691955,Normal
PRV56280,39,8450,216.66666666666666,1740.6793685691955,Normal
PRV56965,3,650,216.66666666666666,1740.6793685691955,Normal
PRV51909,16,3460,216.25,1740.6793685691955,Normal
PRV52288,13,2810,216.15384615384616,1740.6793685691955,Normal
PRV55579,174,37570,215.91954022988506,1740.6793685691955,Normal
PRV54833,88,19000,215.9090909090909,1740.6793685691955,Normal
PRV55255,12,2590,215.83333333333334,1740.6793685691955,Normal
PRV53044,67,14460,215.82089552238807,1740.6793685691955,Normal
PRV56111,93,20060,215.69892473118279,1740.6793685691955,Normal
PRV55368,115,24770,215.3913043478261,1740.6793685691955,Normal
PRV51314,30,6460,215.33333333333334,1740.6793685691955,Normal
PRV55265,201,43280,215.3233830845771,1740.6793685691955,Normal
PRV54157,130,27980,215.23076923076923,1740.6793685691955,Normal
PRV54271,29,6240,215.17241379310346,1740.6793685691955,Normal
PRV54334,105,22590,215.14285714285714,1740.6793685691955,Normal
PRV54163,41,8820,215.1219512195122,1740.6793685691955,Normal
PRV52739,53,11400,215.0943396226415,1740.6793685691955,Normal
PRV51685,55,11830,215.0909090909091,1740.6793685691955,Normal
PRV51181,10,2150,215.0,1740.6793685691955,Normal
PRV52931,14,3010,215.0,1740.6793685691955,Normal
PRV55740,21,4510,214.76190476190476,1740.6793685691955,Normal
PRV53229,139,29840,214.67625899280574,1740.6793685691955,Normal
PRV53759,56,12020,214.64285714285714,1740.6793685691955,Normal
PRV56840,89,19090,214.4943820224719,1740.6793685691955,Normal
PRV55013,83,17800,214.4578313253012,1740.6793685691955,Normal
PRV53261,194,41550,214.17525773195877,1740.6793685691955,Normal
PRV53218,13,2780,213.84615384615384,1740.6793685691955,Normal
PRV57592,79,16880,213.67088607594937,1740.6793685691955,Normal
PRV56862,14,2990,213.57142857142858,1740.6793685691955,Normal
PRV57557,97,20700,213.4020618556701,1740.6793685691955,Normal
PRV54320,102,21760,213.33333333333334,1740.6793685691955,Normal
PRV51771,40,8530,213.25,1740.6793685691955,Normal
PRV52830,34,7250,213.23529411764707,1740.6793685691955,Normal
PRV52919,66,14070,213.1818181818182,1740.6793685691955,Normal
PRV55808,22,4690,213.1818181818182,1740.6793685691955,Normal
PRV52406,63,13420,213.015873015873,1740.6793685691955,Normal
PRV54660,24,5110,212.91666666666666,1740.6793685691955,Normal
PRV53796,28,5960,212.85714285714286,1740.6793685691955,Normal
PRV57552,11,2340,212.72727272727272,1740.6793685691955,Normal
PRV54627,26,5530,212.69230769230768,1740.6793685691955,Normal
PRV52423,54,11480,212.59259259259258,1740.6793685691955,Normal
PRV54112,31,6590,212.58064516129033,1740.6793685691955,Normal
PRV56688,37,7860,212.43243243243242,1740.6793685691955,Normal
PRV54309,29,6160,212.41379310344828,1740.6793685691955,Normal
PRV51898,59,12520,212.20338983050848,1740.6793685691955,Normal
PRV51922,24,5090,212.08333333333334,1740.6793685691955,Normal
PRV57676,15,3180,212.0,1740.6793685691955,Normal
PRV54681,301,63790,211.9269102990033,1740.6793685691955,Normal
PRV53403,72,15250,211.80555555555554,1740.6793685691955,Normal
PRV52742,6,1270,211.66666666666666,1740.6793685691955,Normal
PRV56702,224,47350,211.38392857142858,1740.6793685691955,Normal
PRV51656,23,4860,211.30434782608697,1740.6793685691955,Normal
PRV52848,25,5280,211.2,1740.6793685691955,Normal
PRV57504,28,5910,211.07142857142858,1740.6793685691955,Normal
PRV55469,10,2110,211.0,1740.6793685691955,Normal
PRV51571,22,4640,210.9090909090909,1740.6793685691955,Normal
PRV53644,22,4640,210.9090909090909,1740.6793685691955,Normal
PRV51091,44,9270,210.6818181818182,1740.6793685691955,Normal
PRV51309,18,3790,210.55555555555554,1740.6793685691955,Normal
PRV52417,20,4210,210.5,1740.6793685691955,Normal
PRV55621,62,13030,210.16129032258064,1740.6793685691955,Normal
PRV51990,89,18690,210.0,1740.6793685691955,Normal
PRV52263,3,630,210.0,1740.6793685691955,Normal
PRV52383,74,15540,210.0,1740.6793685691955,Normal
PRV52724,24,5040,210.0,1740.6793685691955,Normal
PRV53344,3,630,210.0,1740.6793685691955,Normal
PRV53732,15,3150,210.0,1740.6793685691955,Normal
PRV56099,3,630,210.0,1740.6793685691955,Normal
PRV52728,15,3140,209.33333333333334,1740.6793685691955,Normal
PRV57550,29,6070,209.31034482758622,1740.6793685691955,Normal
PRV53944,104,21740,209.03846153846155,1740.6793685691955,Normal
PRV57336,135,28220,209.03703703703704,1740.6793685691955,Normal
PRV57002,50,10450,209.0,1740.6793685691955,Normal
PRV56366,9,1880,208.88888888888889,1740.6793685691955,Normal
PRV51795,36,7510,208.61111111111111,1740.6793685691955,Normal
PRV54535,34,7090,208.52941176470588,1740.6793685691955,Normal
PRV52824,42,8740,208.0952380952381,1740.6793685691955,Normal
PRV56745,132,27460,208.03030303030303,1740.6793685691955,Normal
PRV54553,18,3740,207.77777777777777,1740.6793685691955,Normal
PRV57522,40,8310,207.75,1740.6793685691955,Normal
PRV55695,73,15150,207.53424657534248,1740.6793685691955,Normal
PRV52174,4,830,207.5,1740.6793685691955,Normal
PRV52218,8,1660,207.5,1740.6793685691955,Normal
PRV54048,4,830,207.5,1740.6793685691955,Normal
PRV57474,4,830,207.5,1740.6793685691955,Normal
PRV55554,78,16180,207.43589743589743,1740.6793685691955,Normal
PRV51895,18,3730,207.22222222222223,1740.6793685691955,Normal
PRV56038,7,1450,207.14285714285714,1740.6793685691955,Normal
PRV57597,227,47000,207.04845814977975,1740.6793685691955,Normal
PRV54353,32,6620,206.875,1740.6793685691955,Normal
PRV52211,130,26860,206.6153846153846,1740.6793685691955,Normal
PRV52212,64,13220,206.5625,1740.6793685691955,Normal
PRV56164,27,5570,206.2962962962963,1740.6793685691955,Normal
PRV53968,32,6600,206.25,1740.6793685691955,Normal
PRV52349,99,20410,206.16161616161617,1740.6793685691955,Normal
PRV51802,24,4930,205.41666666666666,1740.6793685691955,Normal
PRV55991,32,6570,205.3125,1740.6793685691955,Normal
PRV52274,38,7800,205.26315789473685,1740.6793685691955,Normal
PRV51765,14,2870,205.0,1740.6793685691955,Normal
PRV52471,8,1640,205.0,1740.6793685691955,Normal
PRV53596,4,820,205.0,1740.6793685691955,Normal
PRV54014,2,410,205.0,1740.6793685691955,Normal
PRV56514,6,1230,205.0,1740.6793685691955,Normal
PRV54000,206,42220,204.95145631067962,1740.6793685691955,Normal
PRV55677,84,17200,204.76190476190476,1740.6793685691955,Normal
PRV51341,71,14530,204.64788732394365,1740.6793685691955,Normal
PRV53325,63,12890,204.6031746031746,1740.6793685691955,Normal
PRV52260,63,12880,204.44444444444446,1740.6793685691955,Normal
PRV54167,9,1840,204.44444444444446,1740.6793685691955,Normal
PRV56151,87,17780,204.367816091954,1740.6793685691955,Normal
PRV55331,23,4700,204.34782608695653,1740.6793685691955,Normal
PRV56397,47,9600,204.25531914893617,1740.6793685691955,Normal
PRV54462,80,16330,204.125,1740.6793685691955,Normal
PRV56928,32,6530,204.0625,1740.6793685691955,Normal
PRV57496,38,7750,203.94736842105263,1740.6793685691955,Normal
PRV56941,21,4280,203.8095238095238,1740.6793685691955,Normal
PRV54091,112,22820,203.75,1740.6793685691955,Normal
PRV57282,41,8350,203.65853658536585,1740.6793685691955,Normal
PRV54323,51,10380,203.52941176470588,1740.6793685691955,Normal
PRV52820,32,6510,203.4375,1740.6793685691955,Normal
PRV52039,50,10170,203.4,1740.6793685691955,Normal
PRV55741,6,1220,203.33333333333334,1740.6793685691955,Normal
PRV56073,12,2440,203.33333333333334,1740.6793685691955,Normal
PRV52897,45,9140,203.11111111111111,1740.6793685691955,Normal
PRV51547,13,2640,203.07692307692307,1740.6793685691955,Normal
PRV55855,114,23150,203.0701754385965,1740.6793685691955,Normal
PRV51937,90,18270,203.0,1740.6793685691955,Normal
PRV57255,34,6890,202.64705882352942,1740.6793685691955,Normal
PRV53688,17,3440,202.35294117647058,1740.6793685691955,Normal
PRV52629,61,12320,201.9672131147541,1740.6793685691955,Normal
PRV55326,58,11700,201.72413793103448,1740.6793685691955,Normal
PRV54430,64,12900,201.5625,1740.6793685691955,Normal
PRV57509,58,11690,201.55172413793105,1740.6793685691955,Normal
PRV53486,28,5640,201.42857142857142,1740.6793685691955,Normal
PRV54030,14,2820,201.42857142857142,1740.6793685691955,Normal
PRV56502,7,1410,201.42857142857142,1740.6793685691955,Normal
PRV56206,31,6240,201.29032258064515,1740.6793685691955,Normal
PRV55885,8,1610,201.25,1740.6793685691955,Normal
PRV51083,90,18100,201.11111111111111,1740.6793685691955,Normal
PRV54017,13,2610,200.76923076923077,1740.6793685691955,Normal
PRV51330,19,3810,200.52631578947367,1740.6793685691955,Normal
PRV56978,120,24030,200.25,1740.6793685691955,Normal
PRV51793,25,5000,200.0,1740.6793685691955,Normal
PRV52010,7,1400,200.0,1740.6793685691955,Normal
PRV52261,1,200,200.0,1740.6793685691955,Normal
PRV52596,2,400,200.0,1740.6793685691955,Normal
PRV52744,2,400,200.0,1740.6793685691955,Normal
PRV52791,1,200,200.0,1740.6793685691955,Normal
PRV53081,9,1800,200.0,1740.6793685691955,Normal
PRV53643,1,200,200.0,1740.6793685691955,Normal
PRV53661,1,200,200.0,1740.6793685691955,Normal
PRV53718,1,200,200.0,1740.6793685691955,Normal
PRV54187,1,200,200.0,1740.6793685691955,Normal
PRV54240,72,14400,200.0,1740.6793685691955,Normal
PRV54307,2,400,200.0,1740.6793685691955,Normal
PRV55117,4,800,200.0,1740.6793685691955,Normal
PRV55400,1,200,200.0,1740.6793685691955,Normal
PRV55578,1,200,200.0,1740.6793685691955,Normal
PRV55631,2,400,200.0,1740.6793685691955,Normal
PRV55787,1,200,200.0,1740.6793685691955,Normal
PRV55895,1,200,200.0,1740.6793685691955,Normal
PRV56091,1,200,200.0,1740.6793685691955,Normal
PRV56306,7,1400,200.0,1740.6793685691955,Normal
PRV56318,1,200,200.0,1740.6793685691955,Normal
PRV56854,3,600,200.0,1740.6793685691955,Normal
PRV56964,5,1000,200.0,1740.6793685691955,Normal
PRV57265,1,200,200.0,1740.6793685691955,Normal
PRV57363,2,400,200.0,1740.6793685691955,Normal
PRV57705,2,400,200.0,1740.6793685691955,Normal
PRV54635,33,6590,199.6969696969697,1740.6793685691955,Normal
PRV55072,48,9550,198.95833333333334,1740.6793685691955,Normal
PRV57041,26,5170,198.84615384615384,1740.6793685691955,Normal
PRV57544,52,10340,198.84615384615384,1740.6793685691955,Normal
PRV51185,8,1590,198.75,1740.6793685691955,Normal
PRV53988,32,6360,198.75,1740.6793685691955,Normal
PRV54530,13,2580,198.46153846153845,1740.6793685691955,Normal
PRV55096,27,5350,198.14814814814815,1740.6793685691955,Normal
PRV52271,19,3760,197.89473684210526,1740.6793685691955,Normal
PRV56853,27,5340,197.77777777777777,1740.6793685691955,Normal
PRV51871,30,5920,197.33333333333334,1740.6793685691955,Normal
PRV54467,7,1380,197.14285714285714,1740.6793685691955,Normal
PRV57390,55,10840,197.0909090909091,1740.6793685691955,Normal
PRV55219,89,17530,196.96629213483146,1740.6793685691955,Normal
PRV56667,32,6300,196.875,1740.6793685691955,Normal
PRV51729,19,3740,196.8421052631579,1740.6793685691955,Normal
PRV56858,40,7870,196.75,1740.6793685691955,Normal
PRV53492,3,590,196.66666666666666,1740.6793685691955,Normal
PRV53704,15,2950,196.66666666666666,1740.6793685691955,Normal
PRV55906,21,4130,196.66666666666666,1740.6793685691955,Normal
PRV52512,31,6090,196.4516129032258,1740.6793685691955,Normal
PRV54581,11,2160,196.36363636363637,1740.6793685691955,Normal
PRV57576,22,4320,196.36363636363637,1740.6793685691955,Normal
PRV52456,7,1370,195.71428571428572,1740.6793685691955,Normal
PRV52905,130,25440,195.69230769230768,1740.6793685691955,Normal
PRV56330,16,3130,195.625,1740.6793685691955,Normal
PRV53577,11,2150,195.45454545454547,1740.6793685691955,Normal
PRV53780,26,5080,195.3846153846154,1740.6793685691955,Normal
PRV51451,6,1170,195.0,1740.6793685691955,Normal
PRV51043,23,4480,194.7826086956522,1740.6793685691955,Normal
PRV56538,23,4480,194.7826086956522,1740.6793685691955,Normal
PRV52237,38,7400,194.73684210526315,1740.6793685691955,Normal
PRV56572,20,3890,194.5,1740.6793685691955,Normal
PRV53788,18,3500,194.44444444444446,1740.6793685691955,Normal
PRV53524,52,10110,194.42307692307693,1740.6793685691955,Normal
PRV57435,25,4860,194.4,1740.6793685691955,Normal
PRV57653,82,15920,194.14634146341464,1740.6793685691955,Normal
PRV51555,15,2910,194.0,1740.6793685691955,Normal
PRV52955,73,14160,193.97260273972603,1740.6793685691955,Normal
PRV56740,45,8720,193.77777777777777,1740.6793685691955,Normal
PRV55868,85,16470,193.76470588235293,1740.6793685691955,Normal
PRV57378,35,6780,193.71428571428572,1740.6793685691955,Normal
PRV54296,54,10460,193.7037037037037,1740.6793685691955,Normal
PRV55103,78,15100,193.5897435897436,1740.6793685691955,Normal
PRV52513,20,3870,193.5,1740.6793685691955,Normal
PRV52929,35,6770,193.42857142857142,1740.6793685691955,Normal
PRV54629,3,580,193.33333333333334,1740.6793685691955,Normal
PRV56109,12,2320,193.33333333333334,1740.6793685691955,Normal
PRV56947,3,580,193.33333333333334,1740.6793685691955,Normal
PRV53974,67,12950,193.28358208955223,1740.6793685691955,Normal
PRV52008,25,4830,193.2,1740.6793685691955,Normal
PRV52943,35,6760,193.14285714285714,1740.6793685691955,Normal
PRV56348,58,11200,193.10344827586206,1740.6793685691955,Normal
PRV56882,21,4050,192.85714285714286,1740.6793685691955,Normal
PRV55786,11,2120,192.72727272727272,1740.6793685691955,Normal
PRV53346,4,770,192.5,1740.6793685691955,Normal
PRV55601,8,1540,192.5,1740.6793685691955,Normal
PRV51179,26,5000,192.30769230769232,1740.6793685691955,Normal
PRV57054,27,5190,192.22222222222223,1740.6793685691955,Normal
PRV55191,90,17290,192.11111111111111,1740.6793685691955,Normal
PRV52731,23,4410,191.7391304347826,1740.6793685691955,Normal
PRV55902,69,13230,191.7391304347826,1740.6793685691955,Normal
PRV57468,12,2300,191.66666666666666,1740.6793685691955,Normal
PRV57136,43,8240,191.62790697674419,1740.6793685691955,Normal
PRV53837,13,2490,191.53846153846155,1740.6793685691955,Normal
PRV56401,143,27390,191.53846153846155,1740.6793685691955,Normal
PRV57149,143,27390,191.53846153846155,1740.6793685691955,Normal
PRV51998,28,5360,191.42857142857142,1740.6793685691955,Normal
PRV57540,39,7460,191.28205128205127,1740.6793685691955,Normal
PRV57038,33,6310,191.21212121212122,1740.6793685691955,Normal
PRV55338,46,8790,191.08695652173913,1740.6793685691955,Normal
PRV54634,32,6110,190.9375,1740.6793685691955,Normal
PRV57118,13,2480,190.76923076923077,1740.6793685691955,Normal
PRV55460,18,3430,190.55555555555554,1740.6793685691955,Normal
PRV54086,66,12550,190.15151515151516,1740.6793685691955,Normal
PRV52726,2,380,190.0,1740.6793685691955,Normal
PRV53206,3,570,190.0,1740.6793685691955,Normal
PRV54863,6,1140,190.0,1740.6793685691955,Normal
PRV55312,91,17280,189.8901098901099,1740.6793685691955,Normal
PRV55366,107,20310,189.81308411214954,1740.6793685691955,Normal
PRV53064,35,6640,189.71428571428572,1740.6793685691955,Normal
PRV54427,62,11740,189.3548387096774,1740.6793685691955,Normal
PRV55592,117,22140,189.23076923076923,1740.6793685691955,Normal
PRV53025,50,9460,189.2,1740.6793685691955,Normal
PRV54606,8,1510,188.75,1740.6793685691955,Normal
PRV54383,29,5470,188.6206896551724,1740.6793685691955,Normal
PRV55423,25,4710,188.4,1740.6793685691955,Normal
PRV55086,78,14690,188.33333333333334,1740.6793685691955,Normal
PRV55320,34,6400,188.23529411764707,1740.6793685691955,Normal
PRV53329,11,2070,188.1818181818182,1740.6793685691955,Normal
PRV51307,37,6940,187.56756756756758,1740.6793685691955,Normal
PRV54544,28,5250,187.5,1740.6793685691955,Normal
PRV55982,4,750,187.5,1740.6793685691955,Normal
PRV54002,11,2060,187.27272727272728,1740.6793685691955,Normal
PRV57573,33,6180,187.27272727272728,1740.6793685691955,Normal
PRV52193,153,28620,187.05882352941177,1740.6793685691955,Normal
PRV53116,44,8230,187.04545454545453,1740.6793685691955,Normal
PRV54623,43,8030,186.74418604651163,1740.6793685691955,Normal
PRV51693,113,21100,186.72566371681415,1740.6793685691955,Normal
PRV55276,58,10830,186.72413793103448,1740.6793685691955,Normal
PRV52626,3,560,186.66666666666666,1740.6793685691955,Normal
PRV55356,27,5030,186.2962962962963,1740.6793685691955,Normal
PRV55333,51,9500,186.27450980392157,1740.6793685691955,Normal
PRV53584,8,1490,186.25,1740.6793685691955,Normal
PRV54838,58,10800,186.20689655172413,1740.6793685691955,Normal
PRV55640,64,11900,185.9375,1740.6793685691955,Normal
PRV57275,61,11330,185.7377049180328,1740.6793685691955,Normal
PRV52740,34,6310,185.58823529411765,1740.6793685691955,Normal
PRV56996,11,2040,185.45454545454547,1740.6793685691955,Normal
PRV54219,101,18730,185.44554455445544,1740.6793685691955,Normal
PRV57647,46,8530,185.43478260869566,1740.6793685691955,Normal
PRV51739,74,13700,185.13513513513513,1740.6793685691955,Normal
PRV53282,31,5730,184.83870967741936,1740.6793685691955,Normal
PRV52113,120,22170,184.75,1740.6793685691955,Normal
PRV57388,9,1660,184.44444444444446,1740.6793685691955,Normal
PRV56183,23,4240,184.34782608695653,1740.6793685691955,Normal
PRV52551,5,920,184.0,1740.6793685691955,Normal
PRV54591,45,8280,184.0,1740.6793685691955,Normal
PRV57580,134,24650,183.955223880597,1740.6793685691955,Normal
PRV56322,37,6800,183.78378378378378,1740.6793685691955,Normal
PRV51764,33,6060,183.63636363636363,1740.6793685691955,Normal
PRV51794,11,2020,183.63636363636363,1740.6793685691955,Normal
PRV57501,64,11740,183.4375,1740.6793685691955,Normal
PRV55729,114,20910,183.42105263157896,1740.6793685691955,Normal
PRV52220,12,2200,183.33333333333334,1740.6793685691955,Normal
PRV54422,15,2750,183.33333333333334,1740.6793685691955,Normal
PRV55054,69,12650,183.33333333333334,1740.6793685691955,Normal
PRV56699,3,550,183.33333333333334,1740.6793685691955,Normal
PRV57595,56,10250,183.03571428571428,1740.6793685691955,Normal
PRV54343,17,3110,182.94117647058823,1740.6793685691955,Normal
PRV52415,41,7500,182.9268292682927,1740.6793685691955,Normal
PRV52766,11,2010,182.72727272727272,1740.6793685691955,Normal
PRV53536,31,5660,182.58064516129033,1740.6793685691955,Normal
PRV53504,4,730,182.5,1740.6793685691955,Normal
PRV53216,115,20930,182.0,1740.6793685691955,Normal
PRV57039,5,910,182.0,1740.6793685691955,Normal
PRV52580,39,7090,181.7948717948718,1740.6793685691955,Normal
PRV55963,47,8530,181.48936170212767,1740.6793685691955,Normal
PRV56980,17,3070,180.58823529411765,1740.6793685691955,Normal
PRV56245,76,13720,180.52631578947367,1740.6793685691955,Normal
PRV51292,22,3970,180.45454545454547,1740.6793685691955,Normal
PRV51720,4,720,180.0,1740.6793685691955,Normal
PRV54191,2,360,180.0,1740.6793685691955,Normal
PRV54547,3,540,180.0,1740.6793685691955,Normal
PRV55097,4,720,180.0,1740.6793685691955,Normal
PRV55329,2,360,180.0,1740.6793685691955,Normal
PRV56143,29,5220,180.0,1740.6793685691955,Normal
PRV56370,9,1620,180.0,1740.6793685691955,Normal
PRV56884,8,1440,180.0,1740.6793685691955,Normal
PRV57687,6,1080,180.0,1740.6793685691955,Normal
PRV55112,32,5750,179.6875,1740.6793685691955,Normal
PRV57134,16,2870,179.375,1740.6793685691955,Normal
PRV56861,31,5560,179.3548387096774,1740.6793685691955,Normal
PRV57277,7,1250,178.57142857142858,1740.6793685691955,Normal
PRV55745,81,14410,177.90123456790124,1740.6793685691955,Normal
PRV55093,19,3380,177.89473684210526,1740.6793685691955,Normal
PRV57405,32,5690,177.8125,1740.6793685691955,Normal
PRV52390,36,6400,177.77777777777777,1740.6793685691955,Normal
PRV56464,84,14920,177.61904761904762,1740.6793685691955,Normal
PRV51974,4,710,177.5,1740.6793685691955,Normal
PRV54419,28,4970,177.5,1740.6793685691955,Normal
PRV54806,75,13300,177.33333333333334,1740.6793685691955,Normal
PRV56237,198,35030,176.91919191919192,1740.6793685691955,Normal
PRV51992,61,10790,176.88524590163934,1740.6793685691955,Normal
PRV52264,25,4420,176.8,1740.6793685691955,Normal
PRV52529,12,2120,176.66666666666666,1740.6793685691955,Normal
PRV53649,27,4770,176.66666666666666,1740.6793685691955,Normal
PRV53176,34,6000,176.47058823529412,1740.6793685691955,Normal
PRV55412,11,1940,176.36363636363637,1740.6793685691955,Normal
PRV51983,40,7050,176.25,1740.6793685691955,Normal
PRV51745,13,2290,176.15384615384616,1740.6793685691955,Normal
PRV51243,36,6330,175.83333333333334,1740.6793685691955,Normal
PRV56579,39,6850,175.64102564102564,1740.6793685691955,Normal
PRV54431,9,1580,175.55555555555554,1740.6793685691955,Normal
PRV53666,20,3510,175.5,1740.6793685691955,Normal
PRV51521,46,8070,175.43478260869566,1740.6793685691955,Normal
PRV54412,70,12280,175.42857142857142,1740.6793685691955,Normal
PRV54217,30,5260,175.33333333333334,1740.6793685691955,Normal
PRV54185,2,350,175.0,1740.6793685691955,Normal
PRV57471,2,350,175.0,1740.6793685691955,Normal
PRV57694,18,3150,175.0,1740.6793685691955,Normal
PRV52186,41,7160,174.6341463414634,1740.6793685691955,Normal
PRV56938,22,3840,174.54545454545453,1740.6793685691955,Normal
PRV55644,29,5060,174.48275862068965,1740.6793685691955,Normal
PRV53066,7,1220,174.28571428571428,1740.6793685691955,Normal
PRV55562,17,2950,173.52941176470588,1740.6793685691955,Normal
PRV56076,3,520,173.33333333333334,1740.6793685691955,Normal
PRV57262,24,4160,173.33333333333334,1740.6793685691955,Normal
PRV55052,49,8480,173.0612244897959,1740.6793685691955,Normal
PRV52782,10,1730,173.0,1740.6793685691955,Normal
PRV56987,7,1210,172.85714285714286,1740.6793685691955,Normal
PRV52767,4,690,172.5,1740.6793685691955,Normal
PRV53520,4,690,172.5,1740.6793685691955,Normal
PRV52719,63,10840,172.06349206349208,1740.6793685691955,Normal
PRV51222,5,860,172.0,1740.6793685691955,Normal
PRV53148,15,2580,172.0,1740.6793685691955,Normal
PRV53850,10,1720,172.0,1740.6793685691955,Normal
PRV54864,5,860,172.0,1740.6793685691955,Normal
PRV52533,43,7380,171.62790697674419,1740.6793685691955,Normal
PRV53640,33,5660,171.5151515151515,1740.6793685691955,Normal
PRV57416,7,1200,171.42857142857142,1740.6793685691955,Normal
PRV54456,8,1370,171.25,1740.6793685691955,Normal
PRV55875,26,4450,171.15384615384616,1740.6793685691955,Normal
PRV54291,10,1710,171.0,1740.6793685691955,Normal
PRV52772,12,2050,170.83333333333334,1740.6793685691955,Normal
PRV52709,13,2220,170.76923076923077,1740.6793685691955,Normal
PRV53660,35,5970,170.57142857142858,1740.6793685691955,Normal
PRV56929,45,7670,170.44444444444446,1740.6793685691955,Normal
PRV54039,28,4770,170.35714285714286,1740.6793685691955,Normal
PRV53502,47,8000,170.2127659574468,1740.6793685691955,Normal
PRV51761,11,1870,170.0,1740.6793685691955,Normal
PRV53355,3,510,170.0,1740.6793685691955,Normal
PRV56417,119,20230,170.0,1740.6793685691955,Normal
PRV53980,22,3730,169.54545454545453,1740.6793685691955,Normal
PRV51916,43,7290,169.53488372093022,1740.6793685691955,Normal
PRV54207,41,6950,169.5121951219512,1740.6793685691955,Normal
PRV57067,18,3050,169.44444444444446,1740.6793685691955,Normal
PRV57624,41,6930,169.02439024390245,1740.6793685691955,Normal
PRV54784,9,1520,168.88888888888889,1740.6793685691955,Normal
PRV52506,13,2190,168.46153846153845,1740.6793685691955,Normal
PRV51299,37,6230,168.3783783783784,1740.6793685691955,Normal
PRV51930,6,1010,168.33333333333334,1740.6793685691955,Normal
PRV51897,65,10930,168.15384615384616,1740.6793685691955,Normal
PRV54193,24,4030,167.91666666666666,1740.6793685691955,Normal
PRV56894,26,4360,167.69230769230768,1740.6793685691955,Normal
PRV57453,17,2850,167.64705882352942,1740.6793685691955,Normal
PRV55293,33,5530,167.57575757575756,1740.6793685691955,Normal
PRV55993,32,5360,167.5,1740.6793685691955,Normal
PRV56148,143,23950,167.4825174825175,1740.6793685691955,Normal
PRV52640,66,11050,167.42424242424244,1740.6793685691955,Normal
PRV53164,25,4180,167.2,1740.6793685691955,Normal
PRV54131,24,4010,167.08333333333334,1740.6793685691955,Normal
PRV54176,10,1670,167.0,1740.6793685691955,Normal
PRV57485,10,1670,167.0,1740.6793685691955,Normal
PRV57727,16,2670,166.875,1740.6793685691955,Normal
PRV57625,44,7340,166.8181818181818,1740.6793685691955,Normal
PRV56679,25,4170,166.8,1740.6793685691955,Normal
PRV53722,6,1000,166.66666666666666,1740.6793685691955,Normal
PRV52161,10,1660,166.0,1740.6793685691955,Normal
PRV53391,69,11420,165.5072463768116,1740.6793685691955,Normal
PRV53047,79,13060,165.31645569620252,1740.6793685691955,Normal
PRV51706,2,330,165.0,1740.6793685691955,Normal
PRV55351,10,1650,165.0,1740.6793685691955,Normal
PRV56998,2,330,165.0,1740.6793685691955,Normal
PRV52009,35,5770,164.85714285714286,1740.6793685691955,Normal
PRV54222,19,3130,164.73684210526315,1740.6793685691955,Normal
PRV55569,9,1480,164.44444444444446,1740.6793685691955,Normal
PRV52409,16,2630,164.375,1740.6793685691955,Normal
PRV52202,50,8200,164.0,1740.6793685691955,Normal
PRV56820,5,820,164.0,1740.6793685691955,Normal
PRV53065,38,6230,163.94736842105263,1740.6793685691955,Normal
PRV53815,11,1800,163.63636363636363,1740.6793685691955,Normal
PRV53745,23,3760,163.47826086956522,1740.6793685691955,Normal
PRV53820,15,2450,163.33333333333334,1740.6793685691955,Normal
PRV52510,26,4240,163.07692307692307,1740.6793685691955,Normal
PRV54991,130,21180,162.92307692307693,1740.6793685691955,Normal
PRV53975,70,11390,162.71428571428572,1740.6793685691955,Normal
PRV51117,12,1950,162.5,1740.6793685691955,Normal
PRV56199,16,2600,162.5,1740.6793685691955,Normal
PRV53323,18,2920,162.22222222222223,1740.6793685691955,Normal
PRV51505,15,2430,162.0,1740.6793685691955,Normal
PRV51815,5,810,162.0,1740.6793685691955,Normal
PRV53766,30,4860,162.0,1740.6793685691955,Normal
PRV53574,17,2750,161.76470588235293,1740.6793685691955,Normal
PRV51215,10,1610,161.0,1740.6793685691955,Normal
PRV51709,10,1610,161.0,1740.6793685691955,Normal
PRV55070,20,3220,161.0,1740.6793685691955,Normal
PRV51082,34,5470,160.88235294117646,1740.6793685691955,Normal
PRV54945,37,5950,160.8108108108108,1740.6793685691955,Normal
PRV55493,39,6270,160.76923076923077,1740.6793685691955,Normal
PRV51122,7,1120,160.0,1740.6793685691955,Normal
PRV51891,3,480,160.0,1740.6793685691955,Normal
PRV52232,4,640,160.0,1740.6793685691955,Normal
PRV52523,3,480,160.0,1740.6793685691955,Normal
PRV54016,4,640,160.0,1740.6793685691955,Normal
PRV54029,2,320,160.0,1740.6793685691955,Normal
PRV55278,45,7200,160.0,1740.6793685691955,Normal
PRV56189,6,960,160.0,1740.6793685691955,Normal
PRV57261,10,1600,160.0,1740.6793685691955,Normal
PRV52532,16,2550,159.375,1740.6793685691955,Normal
PRV55261,30,4780,159.33333333333334,1740.6793685691955,Normal
PRV57368,22,3500,159.0909090909091,1740.6793685691955,Normal
PRV56707,18,2860,158.88888888888889,1740.6793685691955,Normal
PRV57358,77,12200,158.44155844155844,1740.6793685691955,Normal
PRV51104,12,1900,158.33333333333334,1740.6793685691955,Normal
PRV56864,24,3800,158.33333333333334,1740.6793685691955,Normal
PRV53447,39,6170,158.2051282051282,1740.6793685691955,Normal
PRV56681,5,790,158.0,1740.6793685691955,Normal
PRV57581,15,2370,158.0,1740.6793685691955,Normal
PRV53703,39,6160,157.94871794871796,1740.6793685691955,Normal
PRV52710,28,4410,157.5,1740.6793685691955,Normal
PRV54413,20,3150,157.5,1740.6793685691955,Normal
PRV54548,12,1890,157.5,1740.6793685691955,Normal
PRV55627,38,5980,157.3684210526316,1740.6793685691955,Normal
PRV54186,11,1730,157.27272727272728,1740.6793685691955,Normal
PRV57408,55,8650,157.27272727272728,1740.6793685691955,Normal
PRV56723,18,2830,157.22222222222223,1740.6793685691955,Normal
PRV53138,10,1570,157.0,1740.6793685691955,Normal
PRV54403,12,1880,156.66666666666666,1740.6793685691955,Normal
PRV56153,9,1410,156.66666666666666,1740.6793685691955,Normal
PRV51999,17,2660,156.47058823529412,1740.6793685691955,Normal
PRV51189,56,8740,156.07142857142858,1740.6793685691955,Normal
PRV56158,38,5930,156.05263157894737,1740.6793685691955,Normal
PRV51206,10,1560,156.0,1740.6793685691955,Normal
PRV55574,15,2340,156.0,1740.6793685691955,Normal
PRV55602,5,780,156.0,1740.6793685691955,Normal
PRV57462,10,1560,156.0,1740.6793685691955,Normal
PRV52770,7,1090,155.71428571428572,1740.6793685691955,Normal
PRV55938,9,1400,155.55555555555554,1740.6793685691955,Normal
PRV52425,23,3570,155.2173913043478,1740.6793685691955,Normal
PRV56986,2,310,155.0,1740.6793685691955,Normal
PRV57005,2,310,155.0,1740.6793685691955,Normal
PRV57701,4,620,155.0,1740.6793685691955,Normal
PRV53606,76,11750,154.60526315789474,1740.6793685691955,Normal
PRV54589,11,1700,154.54545454545453,1740.6793685691955,Normal
PRV56901,66,10190,154.3939393939394,1740.6793685691955,Normal
PRV53719,5,770,154.0,1740.6793685691955,Normal
PRV55076,5,770,154.0,1740.6793685691955,Normal
PRV53237,8,1230,153.75,1740.6793685691955,Normal
PRV53433,19,2920,153.68421052631578,1740.6793685691955,Normal
PRV53690,11,1690,153.63636363636363,1740.6793685691955,Normal
PRV55595,17,2610,153.52941176470588,1740.6793685691955,Normal
PRV51315,47,7210,153.40425531914894,1740.6793685691955,Normal
PRV52681,3,460,153.33333333333334,1740.6793685691955,Normal
PRV53841,22,3370,153.1818181818182,1740.6793685691955,Normal
PRV51914,11,1680,152.72727272727272,1740.6793685691955,Normal
PRV57741,15,2290,152.66666666666666,1740.6793685691955,Normal
PRV57244,4,610,152.5,1740.6793685691955,Normal
PRV51773,5,760,152.0,1740.6793685691955,Normal
PRV53480,10,1520,152.0,1740.6793685691955,Normal
PRV56831,5,760,152.0,1740.6793685691955,Normal
PRV56063,11,1670,151.8181818181818,1740.6793685691955,Normal
PRV54546,6,910,151.66666666666666,1740.6793685691955,Normal
PRV56184,18,2730,151.66666666666666,1740.6793685691955,Normal
PRV52554,13,1970,151.53846153846155,1740.6793685691955,Normal
PRV56990,55,8320,151.27272727272728,1740.6793685691955,Normal
PRV53035,34,5140,151.1764705882353,1740.6793685691955,Normal
PRV54827,17,2570,151.1764705882353,1740.6793685691955,Normal
PRV51780,34,5120,150.58823529411765,1740.6793685691955,Normal
PRV51892,5,750,150.0,1740.6793685691955,Normal
PRV52764,3,450,150.0,1740.6793685691955,Normal
PRV54794,3,450,150.0,1740.6793685691955,Normal
PRV54861,43,6450,150.0,1740.6793685691955,Normal
PRV55646,2,300,150.0,1740.6793685691955,Normal
PRV57626,6,900,150.0,1740.6793685691955,Normal
PRV53274,30,4490,149.66666666666666,1740.6793685691955,Normal
PRV52945,46,6870,149.34782608695653,1740.6793685691955,Normal
PRV53844,53,7910,149.24528301886792,1740.6793685691955,Normal
PRV55425,26,3880,149.23076923076923,1740.6793685691955,Normal
PRV51225,8,1190,148.75,1740.6793685691955,Normal
PRV56480,21,3120,148.57142857142858,1740.6793685691955,Normal
PRV51741,35,5190,148.28571428571428,1740.6793685691955,Normal
PRV53426,10,1480,148.0,1740.6793685691955,Normal
PRV55763,10,1480,148.0,1740.6793685691955,Normal
PRV53014,8,1180,147.5,1740.6793685691955,Normal
PRV53566,4,590,147.5,1740.6793685691955,Normal
PRV52408,29,4270,147.24137931034483,1740.6793685691955,Normal
PRV56923,41,6030,147.0731707317073,1740.6793685691955,Normal
PRV51698,13,1910,146.92307692307693,1740.6793685691955,Normal
PRV57456,16,2350,146.875,1740.6793685691955,Normal
PRV53995,3,440,146.66666666666666,1740.6793685691955,Normal
PRV55683,28,4100,146.42857142857142,1740.6793685691955,Normal
PRV56466,56,8190,146.25,1740.6793685691955,Normal
PRV56529,34,4970,146.1764705882353,1740.6793685691955,Normal
PRV54317,25,3650,146.0,1740.6793685691955,Normal
PRV55788,19,2770,145.78947368421052,1740.6793685691955,Normal
PRV53652,25,3640,145.6,1740.6793685691955,Normal
PRV56954,20,2910,145.5,1740.6793685691955,Normal
PRV55337,13,1890,145.3846153846154,1740.6793685691955,Normal
PRV57746,42,6100,145.23809523809524,1740.6793685691955,Normal
PRV51131,8,1160,145.0,1740.6793685691955,Normal
PRV56115,2,290,145.0,1740.6793685691955,Normal
PRV56305,29,4200,144.82758620689654,1740.6793685691955,Normal
PRV57651,22,3180,144.54545454545453,1740.6793685691955,Normal
PRV56378,31,4480,144.51612903225808,1740.6793685691955,Normal
PRV56177,18,2600,144.44444444444446,1740.6793685691955,Normal
PRV52515,17,2450,144.11764705882354,1740.6793685691955,Normal
PRV57542,37,5330,144.05405405405406,1740.6793685691955,Normal
PRV54227,53,7630,143.96226415094338,1740.6793685691955,Normal
PRV54130,64,9210,143.90625,1740.6793685691955,Normal
PRV57269,37,5320,143.78378378378378,1740.6793685691955,Normal
PRV51964,17,2440,143.52941176470588,1740.6793685691955,Normal
PRV56953,20,2870,143.5,1740.6793685691955,Normal
PRV56293,3,430,143.33333333333334,1740.6793685691955,Normal
PRV53784,41,5870,143.17073170731706,1740.6793685691955,Normal
PRV53339,10,1430,143.0,1740.6793685691955,Normal
PRV51368,4,570,142.5,1740.6793685691955,Normal
PRV55286,4,570,142.5,1740.6793685691955,Normal
PRV54133,25,3560,142.4,1740.6793685691955,Normal
PRV54707,9,1280,142.22222222222223,1740.6793685691955,Normal
PRV51798,10,1420,142.0,1740.6793685691955,Normal
PRV52714,5,710,142.0,1740.6793685691955,Normal
PRV53949,5,710,142.0,1740.6793685691955,Normal
PRV53522,26,3690,141.92307692307693,1740.6793685691955,Normal
PRV53215,11,1560,141.8181818181818,1740.6793685691955,Normal
PRV54119,14,1980,141.42857142857142,1740.6793685691955,Normal
PRV53658,27,3810,141.11111111111111,1740.6793685691955,Normal
PRV51965,19,2680,141.05263157894737,1740.6793685691955,Normal
PRV57328,38,5360,141.05263157894737,1740.6793685691955,Normal
PRV52184,21,2960,140.95238095238096,1740.6793685691955,Normal
PRV57756,27,3790,140.37037037037038,1740.6793685691955,Normal
PRV55111,29,4070,140.3448275862069,1740.6793685691955,Normal
PRV51115,7,980,140.0,1740.6793685691955,Normal
PRV52225,6,840,140.0,1740.6793685691955,Normal
PRV53015,8,1120,140.0,1740.6793685691955,Normal
PRV53224,12,1680,140.0,1740.6793685691955,Normal
PRV53713,31,4340,140.0,1740.6793685691955,Normal
PRV54124,5,700,140.0,1740.6793685691955,Normal
PRV55497,7,980,140.0,1740.6793685691955,Normal
PRV56328,15,2100,140.0,1740.6793685691955,Normal
PRV53849,21,2930,139.52380952380952,1740.6793685691955,Normal
PRV54352,12,1670,139.16666666666666,1740.6793685691955,Normal
PRV52238,11,1530,139.0909090909091,1740.6793685691955,Normal
PRV54392,35,4860,138.85714285714286,1740.6793685691955,Normal
PRV54457,16,2220,138.75,1740.6793685691955,Normal
PRV57563,6,830,138.33333333333334,1740.6793685691955,Normal
PRV55874,10,1380,138.0,1740.6793685691955,Normal
PRV52659,24,3310,137.91666666666666,1740.6793685691955,Normal
PRV51500,8,1100,137.5,1740.6793685691955,Normal
PRV54401,22,3020,137.27272727272728,1740.6793685691955,Normal
PRV54044,6,820,136.66666666666666,1740.6793685691955,Normal
PRV54154,12,1640,136.66666666666666,1740.6793685691955,Normal
PRV55684,3,410,136.66666666666666,1740.6793685691955,Normal
PRV57663,3,410,136.66666666666666,1740.6793685691955,Normal
PRV52284,39,5320,136.4102564102564,1740.6793685691955,Normal
PRV54004,8,1090,136.25,1740.6793685691955,Normal
PRV51721,5,680,136.0,1740.6793685691955,Normal
PRV53659,5,680,136.0,1740.6793685691955,Normal
PRV55350,31,4210,135.80645161290323,1740.6793685691955,Normal
PRV52891,19,2580,135.78947368421052,1740.6793685691955,Normal
PRV57278,7,950,135.71428571428572,1740.6793685691955,Normal
PRV51472,16,2170,135.625,1740.6793685691955,Normal
PRV53280,15,2030,135.33333333333334,1740.6793685691955,Normal
PRV54524,21,2840,135.23809523809524,1740.6793685691955,Normal
PRV56098,21,2840,135.23809523809524,1740.6793685691955,Normal
PRV51264,39,5270,135.12820512820514,1740.6793685691955,Normal
PRV52784,2,270,135.0,1740.6793685691955,Normal
PRV53848,8,1080,135.0,1740.6793685691955,Normal
PRV54870,8,1080,135.0,1740.6793685691955,Normal
PRV57105,4,540,135.0,1740.6793685691955,Normal
PRV57470,12,1610,134.16666666666666,1740.6793685691955,Normal
PRV54407,19,2540,133.68421052631578,1740.6793685691955,Normal
PRV57454,42,5610,133.57142857142858,1740.6793685691955,Normal
PRV57374,6,800,133.33333333333334,1740.6793685691955,Normal
PRV53360,20,2660,133.0,1740.6793685691955,Normal
PRV51290,113,14990,132.65486725663717,1740.6793685691955,Normal
PRV54849,12,1590,132.5,1740.6793685691955,Normal
PRV53254,9,1190,132.22222222222223,1740.6793685691955,Normal
PRV51744,5,660,132.0,1740.6793685691955,Normal
PRV55711,5,660,132.0,1740.6793685691955,Normal
PRV55750,5,660,132.0,1740.6793685691955,Normal
PRV53605,55,7250,131.8181818181818,1740.6793685691955,Normal
PRV56090,12,1580,131.66666666666666,1740.6793685691955,Normal
PRV56190,6,790,131.66666666666666,1740.6793685691955,Normal
PRV51861,21,2760,131.42857142857142,1740.6793685691955,Normal
PRV54096,7,920,131.42857142857142,1740.6793685691955,Normal
PRV51758,7,910,130.0,1740.6793685691955,Normal
PRV51952,19,2470,130.0,1740.6793685691955,Normal
PRV52672,3,390,130.0,1740.6793685691955,Normal
PRV52697,5,650,130.0,1740.6793685691955,Normal
PRV52777,2,260,130.0,1740.6793685691955,Normal
PRV53812,2,260,130.0,1740.6793685691955,Normal
PRV55617,2,260,130.0,1740.6793685691955,Normal
PRV55863,5,650,130.0,1740.6793685691955,Normal
PRV56880,2,260,130.0,1740.6793685691955,Normal
PRV56977,8,1040,130.0,1740.6793685691955,Normal
PRV57232,7,910,130.0,1740.6793685691955,Normal
PRV57735,6,780,130.0,1740.6793685691955,Normal
PRV57723,20,2590,129.5,1740.6793685691955,Normal
PRV52877,19,2450,128.94736842105263,1740.6793685691955,Normal
PRV55471,13,1670,128.46153846153845,1740.6793685691955,Normal
PRV52875,12,1540,128.33333333333334,1740.6793685691955,Normal
PRV51888,5,640,128.0,1740.6793685691955,Normal
PRV56700,5,640,128.0,1740.6793685691955,Normal
PRV52254,31,3960,127.74193548387096,1740.6793685691955,Normal
PRV54122,4,510,127.5,1740.6793685691955,Normal
PRV54285,20,2550,127.5,1740.6793685691955,Normal
PRV56078,4,510,127.5,1740.6793685691955,Normal
PRV52102,15,1910,127.33333333333333,1740.6793685691955,Normal
PRV55762,9,1140,126.66666666666667,1740.6793685691955,Normal
PRV56530,3,380,126.66666666666667,1740.6793685691955,Normal
PRV57486,35,4430,126.57142857142857,1740.6793685691955,Normal
PRV52861,14,1770,126.42857142857143,1740.6793685691955,Normal
PRV52397,8,1010,126.25,1740.6793685691955,Normal
PRV52958,16,2020,126.25,1740.6793685691955,Normal
PRV56385,22,2770,125.9090909090909,1740.6793685691955,Normal
PRV54517,45,5660,125.77777777777777,1740.6793685691955,Normal
PRV56780,7,880,125.71428571428571,1740.6793685691955,Normal
PRV57598,23,2890,125.65217391304348,1740.6793685691955,Normal
PRV51781,24,3000,125.0,1740.6793685691955,Normal
PRV53197,4,500,125.0,1740.6793685691955,Normal
PRV53585,4,500,125.0,1740.6793685691955,Normal
PRV54040,2,250,125.0,1740.6793685691955,Normal
PRV54316,2,250,125.0,1740.6793685691955,Normal
PRV56282,4,500,125.0,1740.6793685691955,Normal
PRV57056,10,1250,125.0,1740.6793685691955,Normal
PRV57613,2,250,125.0,1740.6793685691955,Normal
PRV52686,9,1120,124.44444444444444,1740.6793685691955,Normal
PRV55796,7,870,124.28571428571429,1740.6793685691955,Normal
PRV51906,22,2730,124.0909090909091,1740.6793685691955,Normal
PRV57465,22,2730,124.0909090909091,1740.6793685691955,Normal
PRV56300,8,990,123.75,1740.6793685691955,Normal
PRV55417,30,3710,123.66666666666667,1740.6793685691955,Normal
PRV56886,11,1360,123.63636363636364,1740.6793685691955,Normal
PRV56196,6,740,123.33333333333333,1740.6793685691955,Normal
PRV55620,15,1840,122.66666666666667,1740.6793685691955,Normal
PRV55772,4,490,122.5,1740.6793685691955,Normal
PRV54602,14,1710,122.14285714285714,1740.6793685691955,Normal
PRV53188,10,1220,122.0,1740.6793685691955,Normal
PRV53365,6,730,121.66666666666667,1740.6793685691955,Normal
PRV57671,6,730,121.66666666666667,1740.6793685691955,Normal
PRV51641,14,1700,121.42857142857143,1740.6793685691955,Normal
PRV57273,9,1090,121.11111111111111,1740.6793685691955,Normal
PRV57484,9,1090,121.11111111111111,1740.6793685691955,Normal
PRV52484,13,1570,120.76923076923077,1740.6793685691955,Normal
PRV51886,18,2160,120.0,1740.6793685691955,Normal
PRV52671,2,240,120.0,1740.6793685691955,Normal
PRV53906,4,480,120.0,1740.6793685691955,Normal
PRV54028,6,720,120.0,1740.6793685691955,Normal
PRV54441,4,480,120.0,1740.6793685691955,Normal
PRV56633,5,600,120.0,1740.6793685691955,Normal
PRV56966,2,240,120.0,1740.6793685691955,Normal
PRV57619,21,2520,120.0,1740.6793685691955,Normal
PRV57714,4,480,120.0,1740.6793685691955,Normal
PRV54633,12,1430,119.16666666666667,1740.6793685691955,Normal
PRV53370,9,1070,118.88888888888889,1740.6793685691955,Normal
PRV55044,9,1070,118.88888888888889,1740.6793685691955,Normal
PRV54869,8,950,118.75,1740.6793685691955,Normal
PRV57133,14,1650,117.85714285714286,1740.6793685691955,Normal
PRV52579,9,1060,117.77777777777777,1740.6793685691955,Normal
PRV56034,13,1530,117.6923076923077,1740.6793685691955,Normal
PRV52956,18,2110,117.22222222222223,1740.6793685691955,Normal
PRV53331,7,810,115.71428571428571,1740.6793685691955,Normal
PRV51923,9,1040,115.55555555555556,1740.6793685691955,Normal
PRV51394,4,460,115.0,1740.6793685691955,Normal
PRV51993,2,230,115.0,1740.6793685691955,Normal
PRV53730,2,230,115.0,1740.6793685691955,Normal
PRV54023,18,2060,114.44444444444444,1740.6793685691955,Normal
PRV56528,21,2400,114.28571428571429,1740.6793685691955,Normal
PRV56985,17,1940,114.11764705882354,1740.6793685691955,Normal
PRV53657,25,2850,114.0,1740.6793685691955,Normal
PRV56441,35,3980,113.71428571428571,1740.6793685691955,Normal
PRV52545,13,1460,112.3076923076923,1740.6793685691955,Normal
PRV54598,9,1010,112.22222222222223,1740.6793685691955,Normal
PRV55589,20,2240,112.0,1740.6793685691955,Normal
PRV53017,9,1000,111.11111111111111,1740.6793685691955,Normal
PRV57270,9,1000,111.11111111111111,1740.6793685691955,Normal
PRV52689,12,1330,110.83333333333333,1740.6793685691955,Normal
PRV56307,12,1330,110.83333333333333,1740.6793685691955,Normal
PRV51429,10,1100,110.0,1740.6793685691955,Normal
PRV51654,2,220,110.0,1740.6793685691955,Normal
PRV52082,8,880,110.0,1740.6793685691955,Normal
PRV53099,2,220,110.0,1740.6793685691955,Normal
PRV53491,16,1760,110.0,1740.6793685691955,Normal
PRV54283,5,550,110.0,1740.6793685691955,Normal
PRV55371,3,330,110.0,1740.6793685691955,Normal
PRV55398,13,1430,110.0,1740.6793685691955,Normal
PRV55639,4,440,110.0,1740.6793685691955,Normal
PRV53982,9,980,108.88888888888889,1740.6793685691955,Normal
PRV55618,13,1410,108.46153846153847,1740.6793685691955,Normal
PRV53571,26,2810,108.07692307692308,1740.6793685691955,Normal
PRV52199,10,1080,108.0,1740.6793685691955,Normal
PRV57488,5,540,108.0,1740.6793685691955,Normal
PRV57570,4,430,107.5,1740.6793685691955,Normal
PRV53821,10,1070,107.0,1740.6793685691955,Normal
PRV55884,27,2880,106.66666666666667,1740.6793685691955,Normal
PRV51713,13,1380,106.15384615384616,1740.6793685691955,Normal
PRV52007,18,1910,106.11111111111111,1740.6793685691955,Normal
PRV51896,5,530,106.0,1740.6793685691955,Normal
PRV54132,5,530,106.0,1740.6793685691955,Normal
PRV55613,7,740,105.71428571428571,1740.6793685691955,Normal
PRV56357,16,1690,105.625,1740.6793685691955,Normal
PRV52940,9,950,105.55555555555556,1740.6793685691955,Normal
PRV55397,6,630,105.0,1740.6793685691955,Normal
PRV56970,2,210,105.0,1740.6793685691955,Normal
PRV55498,27,2830,104.81481481481481,1740.6793685691955,Normal
PRV53178,7,730,104.28571428571429,1740.6793685691955,Normal
PRV53843,14,1460,104.28571428571429,1740.6793685691955,Normal
PRV54713,17,1770,104.11764705882354,1740.6793685691955,Normal
PRV54802,17,1770,104.11764705882354,1740.6793685691955,Normal
PRV52217,5,520,104.0,1740.6793685691955,Normal
PRV54452,5,520,104.0,1740.6793685691955,Normal
PRV53356,38,3950,103.94736842105263,1740.6793685691955,Normal
PRV53140,21,2180,103.80952380952381,1740.6793685691955,Normal
PRV54689,20,2070,103.5,1740.6793685691955,Normal
PRV51708,4,410,102.5,1740.6793685691955,Normal
PRV53755,20,2050,102.5,1740.6793685691955,Normal
PRV55749,4,410,102.5,1740.6793685691955,Normal
PRV53818,10,1020,102.0,1740.6793685691955,Normal
PRV57599,5,510,102.0,1740.6793685691955,Normal
PRV54865,6,610,101.66666666666667,1740.6793685691955,Normal
PRV55292,6,610,101.66666666666667,1740.6793685691955,Normal
PRV53158,7,710,101.42857142857143,1740.6793685691955,Normal
PRV56117,14,1420,101.42857142857143,1740.6793685691955,Normal
PRV56981,7,710,101.42857142857143,1740.6793685691955,Normal
PRV52751,3,300,100.0,1740.6793685691955,Normal
PRV52778,1,100,100.0,1740.6793685691955,Normal
PRV52781,1,100,100.0,1740.6793685691955,Normal
PRV53027,5,500,100.0,1740.6793685691955,Normal
PRV53028,3,300,100.0,1740.6793685691955,Normal
PRV53084,1,100,100.0,1740.6793685691955,Normal
PRV53539,2,200,100.0,1740.6793685691955,Normal
PRV53860,1,100,100.0,1740.6793685691955,Normal
PRV53978,1,100,100.0,1740.6793685691955,Normal
PRV54013,1,100,100.0,1740.6793685691955,Normal
PRV54319,1,100,100.0,1740.6793685691955,Normal
PRV54799,1,100,100.0,1740.6793685691955,Normal
PRV55599,1,100,100.0,1740.6793685691955,Normal
PRV56029,1,100,100.0,1740.6793685691955,Normal
PRV56324,1,100,100.0,1740.6793685691955,Normal
PRV56641,1,100,100.0,1740.6793685691955,Normal
PRV56971,4,400,100.0,1740.6793685691955,Normal
PRV57061,1,100,100.0,1740.6793685691955,Normal
PRV57143,1,100,100.0,1740.6793685691955,Normal
PRV51766,23,2290,99.56521739130434,1740.6793685691955,Normal
PRV54027,14,1390,99.28571428571429,1740.6793685691955,Normal
PRV54021,20,1980,99.0,1740.6793685691955,Normal
PRV55770,19,1870,98.42105263157895,1740.6793685691955,Normal
PRV51755,6,590,98.33333333333333,1740.6793685691955,Normal
PRV56852,20,1960,98.0,1740.6793685691955,Normal
PRV51392,17,1660,97.6470588235294,1740.6793685691955,Normal
PRV55069,21,2050,97.61904761904762,1740.6793685691955,Normal
PRV55404,25,2420,96.8,1740.6793685691955,Normal
PRV52454,15,1450,96.66666666666667,1740.6793685691955,Normal
PRV54614,15,1440,96.0,1740.6793685691955,Normal
PRV53177,16,1520,95.0,1740.6793685691955,Normal
PRV52963,9,850,94.44444444444444,1740.6793685691955,Normal
PRV53340,23,2170,94.34782608695652,1740.6793685691955,Normal
PRV54490,23,2160,93.91304347826087,1740.6793685691955,Normal
PRV54612,12,1120,93.33333333333333,1740.6793685691955,Normal
PRV51408,15,1390,92.66666666666667,1740.6793685691955,Normal
PRV56586,4,370,92.5,1740.6793685691955,Normal
PRV56463,18,1660,92.22222222222223,1740.6793685691955,Normal
PRV53205,14,1280,91.42857142857143,1740.6793685691955,Normal
PRV54173,7,640,91.42857142857143,1740.6793685691955,Normal
PRV57616,7,640,91.42857142857143,1740.6793685691955,Normal
PRV53349,24,2180,90.83333333333333,1740.6793685691955,Normal
PRV53073,14,1270,90.71428571428571,1740.6793685691955,Normal
PRV51797,5,450,90.0,1740.6793685691955,Normal
PRV51968,1,90,90.0,1740.6793685691955,Normal
PRV52470,3,270,90.0,1740.6793685691955,Normal
PRV52526,1,90,90.0,1740.6793685691955,Normal
PRV53369,1,90,90.0,1740.6793685691955,Normal
PRV53581,11,990,90.0,1740.6793685691955,Normal
PRV54006,1,90,90.0,1740.6793685691955,Normal
PRV54148,1,90,90.0,1740.6793685691955,Normal
PRV54483,13,1170,90.0,1740.6793685691955,Normal
PRV54523,1,90,90.0,1740.6793685691955,Normal
PRV54545,2,180,90.0,1740.6793685691955,Normal
PRV54699,4,360,90.0,1740.6793685691955,Normal
PRV55355,1,90,90.0,1740.6793685691955,Normal
PRV55626,9,810,90.0,1740.6793685691955,Normal
PRV56071,3,270,90.0,1740.6793685691955,Normal
PRV56337,2,180,90.0,1740.6793685691955,Normal
PRV56387,1,90,90.0,1740.6793685691955,Normal
PRV56932,9,810,90.0,1740.6793685691955,Normal
PRV57473,1,90,90.0,1740.6793685691955,Normal
PRV57578,2,180,90.0,1740.6793685691955,Normal
PRV53879,15,1340,89.33333333333333,1740.6793685691955,Normal
PRV54622,10,890,89.0,1740.6793685691955,Normal
PRV56510,9,800,88.88888888888889,1740.6793685691955,Normal
PRV55858,8,710,88.75,1740.6793685691955,Normal
PRV56833,8,710,88.75,1740.6793685691955,Normal
PRV55341,14,1240,88.57142857142857,1740.6793685691955,Normal
PRV51692,11,970,88.18181818181819,1740.6793685691955,Normal
PRV51917,11,970,88.18181818181819,1740.6793685691955,Normal
PRV52557,11,970,88.18181818181819,1740.6793685691955,Normal
PRV51412,5,440,88.0,1740.6793685691955,Normal
PRV51015,8,700,87.5,1740.6793685691955,Normal
PRV51735,4,350,87.5,1740.6793685691955,Normal
PRV54312,4,350,87.5,1740.6793685691955,Normal
PRV56267,4,350,87.5,1740.6793685691955,Normal
PRV57247,11,960,87.27272727272727,1740.6793685691955,Normal
PRV56997,25,2180,87.2,1740.6793685691955,Normal
PRV53647,7,610,87.14285714285714,1740.6793685691955,Normal
PRV55348,7,610,87.14285714285714,1740.6793685691955,Normal
PRV53139,9,780,86.66666666666667,1740.6793685691955,Normal
PRV54135,3,260,86.66666666666667,1740.6793685691955,Normal
PRV57130,3,260,86.66666666666667,1740.6793685691955,Normal
PRV51228,5,430,86.0,1740.6793685691955,Normal
PRV53531,11,940,85.45454545454545,1740.6793685691955,Normal
PRV52448,2,170,85.0,1740.6793685691955,Normal
PRV53235,2,170,85.0,1740.6793685691955,Normal
PRV53467,10,850,85.0,1740.6793685691955,Normal
PRV55527,2,170,85.0,1740.6793685691955,Normal
PRV55886,4,340,85.0,1740.6793685691955,Normal
PRV56691,4,340,85.0,1740.6793685691955,Normal
PRV52213,7,590,84.28571428571429,1740.6793685691955,Normal
PRV57116,7,590,84.28571428571429,1740.6793685691955,Normal
PRV51759,13,1090,83.84615384615384,1740.6793685691955,Normal
PRV56334,8,670,83.75,1740.6793685691955,Normal
PRV51778,3,250,83.33333333333333,1740.6793685691955,Normal
PRV57669,3,250,83.33333333333333,1740.6793685691955,Normal
PRV55424,10,830,83.0,1740.6793685691955,Normal
PRV55092,8,660,82.5,1740.6793685691955,Normal
PRV57440,4,330,82.5,1740.6793685691955,Normal
PRV55721,5,410,82.0,1740.6793685691955,Normal
PRV52252,26,2130,81.92307692307692,1740.6793685691955,Normal
PRV53651,11,900,81.81818181818181,1740.6793685691955,Normal
PRV54198,6,490,81.66666666666667,1740.6793685691955,Normal
PRV53578,7,570,81.42857142857143,1740.6793685691955,Normal
PRV54068,7,570,81.42857142857143,1740.6793685691955,Normal
PRV54468,21,1710,81.42857142857143,1740.6793685691955,Normal
PRV51696,9,730,81.11111111111111,1740.6793685691955,Normal
PRV52253,1,80,80.0,1740.6793685691955,Normal
PRV53183,1,80,80.0,1740.6793685691955,Normal
PRV54045,3,240,80.0,1740.6793685691955,Normal
PRV54116,16,1280,80.0,1740.6793685691955,Normal
PRV54175,1,80,80.0,1740.6793685691955,Normal
PRV55364,1,80,80.0,1740.6793685691955,Normal
PRV55759,3,240,80.0,1740.6793685691955,Normal
PRV56072,1,80,80.0,1740.6793685691955,Normal
PRV56310,1,80,80.0,1740.6793685691955,Normal
PRV56369,1,80,80.0,1740.6793685691955,Normal
PRV56920,1,80,80.0,1740.6793685691955,Normal
PRV56974,1,80,80.0,1740.6793685691955,Normal
PRV57752,1,80,80.0,1740.6793685691955,Normal
PRV57753,1,80,80.0,1740.6793685691955,Normal
PRV51664,10,790,79.0,1740.6793685691955,Normal
PRV53175,9,710,78.88888888888889,1740.6793685691955,Normal
PRV51328,7,550,78.57142857142857,1740.6793685691955,Normal
PRV53474,6,470,78.33333333333333,1740.6793685691955,Normal
PRV53631,6,470,78.33333333333333,1740.6793685691955,Normal
PRV55575,6,470,78.33333333333333,1740.6793685691955,Normal
PRV55451,11,860,78.18181818181819,1740.6793685691955,Normal
PRV53479,5,390,78.0,1740.6793685691955,Normal
PRV53622,6,460,76.66666666666667,1740.6793685691955,Normal
PRV53840,6,460,76.66666666666667,1740.6793685691955,Normal
PRV55655,3,230,76.66666666666667,1740.6793685691955,Normal
PRV57721,3,230,76.66666666666667,1740.6793685691955,Normal
PRV56171,15,1140,76.0,1740.6793685691955,Normal
PRV55285,7,530,75.71428571428571,1740.6793685691955,Normal
PRV56185,7,530,75.71428571428571,1740.6793685691955,Normal
PRV51098,4,300,75.0,1740.6793685691955,Normal
PRV51409,4,300,75.0,1740.6793685691955,Normal
PRV52525,2,150,75.0,1740.6793685691955,Normal
PRV52773,2,150,75.0,1740.6793685691955,Normal
PRV52774,4,300,75.0,1740.6793685691955,Normal
PRV52799,2,150,75.0,1740.6793685691955,Normal
PRV53549,6,450,75.0,1740.6793685691955,Normal
PRV54180,2,150,75.0,1740.6793685691955,Normal
PRV54424,2,150,75.0,1740.6793685691955,Normal
PRV55989,2,150,75.0,1740.6793685691955,Normal
PRV56391,2,150,75.0,1740.6793685691955,Normal
PRV56934,6,450,75.0,1740.6793685691955,Normal
PRV57731,2,150,75.0,1740.6793685691955,Normal
PRV51218,7,520,74.28571428571429,1740.6793685691955,Normal
PRV51103,6,440,73.33333333333333,1740.6793685691955,Normal
PRV55335,24,1760,73.33333333333333,1740.6793685691955,Normal
PRV51877,4,290,72.5,1740.6793685691955,Normal
PRV56855,4,290,72.5,1740.6793685691955,Normal
PRV52255,10,720,72.0,1740.6793685691955,Normal
PRV55638,5,360,72.0,1740.6793685691955,Normal
PRV51322,12,850,70.83333333333333,1740.6793685691955,Normal
PRV51221,1,70,70.0,1740.6793685691955,Normal
PRV51913,1,70,70.0,1740.6793685691955,Normal
PRV52380,4,280,70.0,1740.6793685691955,Normal
PRV52677,2,140,70.0,1740.6793685691955,Normal
PRV52783,1,70,70.0,1740.6793685691955,Normal
PRV54034,1,70,70.0,1740.6793685691955,Normal
PRV54172,2,140,70.0,1740.6793685691955,Normal
PRV54308,1,70,70.0,1740.6793685691955,Normal
PRV55760,3,210,70.0,1740.6793685691955,Normal
PRV55803,2,140,70.0,1740.6793685691955,Normal
PRV56065,1,70,70.0,1740.6793685691955,Normal
PRV56805,1,70,70.0,1740.6793685691955,Normal
PRV57371,1,70,70.0,1740.6793685691955,Normal
PRV52251,4,270,67.5,1740.6793685691955,Normal
PRV53494,7,470,67.14285714285714,1740.6793685691955,Normal
PRV52715,3,200,66.66666666666667,1740.6793685691955,Normal
PRV53163,12,800,66.66666666666667,1740.6793685691955,Normal
PRV56845,9,600,66.66666666666667,1740.6793685691955,Normal
PRV53485,5,330,66.0,1740.6793685691955,Normal
PRV55063,10,660,66.0,1740.6793685691955,Normal
PRV52753,2,130,65.0,1740.6793685691955,Normal
PRV57645,6,390,65.0,1740.6793685691955,Normal
PRV57737,2,130,65.0,1740.6793685691955,Normal
PRV54601,11,710,64.54545454545455,1740.6793685691955,Normal
PRV54110,7,450,64.28571428571429,1740.6793685691955,Normal
PRV51331,5,320,64.0,1740.6793685691955,Normal
PRV51624,5,320,64.0,1740.6793685691955,Normal
PRV52792,5,320,64.0,1740.6793685691955,Normal
PRV52961,5,320,64.0,1740.6793685691955,Normal
PRV56299,5,320,64.0,1740.6793685691955,Normal
PRV54439,3,190,63.333333333333336,1740.6793685691955,Normal
PRV57327,3,190,63.333333333333336,1740.6793685691955,Normal
PRV52771,4,250,62.5,1740.6793685691955,Normal
PRV53548,4,250,62.5,1740.6793685691955,Normal
PRV54509,4,250,62.5,1740.6793685691955,Normal
PRV54615,5,310,62.0,1740.6793685691955,Normal
PRV56937,5,310,62.0,1740.6793685691955,Normal
PRV54482,6,370,61.666666666666664,1740.6793685691955,Normal
PRV52748,10,610,61.0,1740.6793685691955,Normal
PRV53202,11,670,60.90909090909091,1740.6793685691955,Normal
PRV54197,14,850,60.714285714285715,1740.6793685691955,Normal
PRV51135,5,300,60.0,1740.6793685691955,Normal
PRV51198,6,360,60.0,1740.6793685691955,Normal
PRV51660,3,180,60.0,1740.6793685691955,Normal
PRV51887,2,120,60.0,1740.6793685691955,Normal
PRV52785,1,60,60.0,1740.6793685691955,Normal
PRV52786,2,120,60.0,1740.6793685691955,Normal
PRV53203,7,420,60.0,1740.6793685691955,Normal
PRV53545,1,60,60.0,1740.6793685691955,Normal
PRV53724,2,120,60.0,1740.6793685691955,Normal
PRV53999,1,60,60.0,1740.6793685691955,Normal
PRV54113,1,60,60.0,1740.6793685691955,Normal
PRV54294,1,60,60.0,1740.6793685691955,Normal
PRV54703,11,660,60.0,1740.6793685691955,Normal
PRV55632,1,60,60.0,1740.6793685691955,Normal
PRV56358,4,240,60.0,1740.6793685691955,Normal
PRV56377,1,60,60.0,1740.6793685691955,Normal
PRV56531,5,300,60.0,1740.6793685691955,Normal
PRV56944,3,180,60.0,1740.6793685691955,Normal
PRV56946,2,120,60.0,1740.6793685691955,Normal
PRV57700,1,60,60.0,1740.6793685691955,Normal
PRV51621,9,530,58.888888888888886,1740.6793685691955,Normal
PRV54118,8,470,58.75,1740.6793685691955,Normal
PRV52670,13,760,58.46153846153846,1740.6793685691955,Normal
PRV54226,13,760,58.46153846153846,1740.6793685691955,Normal
PRV54798,5,290,58.0,1740.6793685691955,Normal
PRV57751,4,230,57.5,1740.6793685691955,Normal
PRV57280,3,170,56.666666666666664,1740.6793685691955,Normal
PRV51645,5,280,56.0,1740.6793685691955,Normal
PRV51786,5,280,56.0,1740.6793685691955,Normal
PRV55409,5,280,56.0,1740.6793685691955,Normal
PRV52694,2,110,55.0,1740.6793685691955,Normal
PRV52756,4,220,55.0,1740.6793685691955,Normal
PRV54123,2,110,55.0,1740.6793685691955,Normal
PRV55650,4,220,55.0,1740.6793685691955,Normal
PRV56989,2,110,55.0,1740.6793685691955,Normal
PRV57615,2,110,55.0,1740.6793685691955,Normal
PRV57747,2,110,55.0,1740.6793685691955,Normal
PRV57758,2,110,55.0,1740.6793685691955,Normal
PRV54805,5,270,54.0,1740.6793685691955,Normal
PRV53947,8,430,53.75,1740.6793685691955,Normal
PRV53586,3,160,53.333333333333336,1740.6793685691955,Normal
PRV54117,6,320,53.333333333333336,1740.6793685691955,Normal
PRV51738,16,850,53.125,1740.6793685691955,Normal
PRV55365,7,370,52.857142857142854,1740.6793685691955,Normal
PRV54873,8,420,52.5,1740.6793685691955,Normal
PRV55761,4,210,52.5,1740.6793685691955,Normal
PRV53174,5,260,52.0,1740.6793685691955,Normal
PRV53343,6,310,51.666666666666664,1740.6793685691955,Normal
PRV51186,2,100,50.0,1740.6793685691955,Normal
PRV51211,2,100,50.0,1740.6793685691955,Normal
PRV51363,3,150,50.0,1740.6793685691955,Normal
PRV51423,1,50,50.0,1740.6793685691955,Normal
PRV51534,1,50,50.0,1740.6793685691955,Normal
PRV51666,1,50,50.0,1740.6793685691955,Normal
PRV51787,3,150,50.0,1740.6793685691955,Normal
PRV51875,1,50,50.0,1740.6793685691955,Normal
PRV51918,1,50,50.0,1740.6793685691955,Normal
PRV52201,9,450,50.0,1740.6793685691955,Normal
PRV52226,2,100,50.0,1740.6793685691955,Normal
PRV52256,1,50,50.0,1740.6793685691955,Normal
PRV52667,3,150,50.0,1740.6793685691955,Normal
PRV52736,1,50,50.0,1740.6793685691955,Normal
PRV52746,1,50,50.0,1740.6793685691955,Normal
PRV52757,1,50,50.0,1740.6793685691955,Normal
PRV52763,1,50,50.0,1740.6793685691955,Normal
PRV53079,1,50,50.0,1740.6793685691955,Normal
PRV53207,10,500,50.0,1740.6793685691955,Normal
PRV53212,2,100,50.0,1740.6793685691955,Normal
PRV53967,2,100,50.0,1740.6793685691955,Normal
PRV54275,1,50,50.0,1740.6793685691955,Normal
PRV54304,1,50,50.0,1740.6793685691955,Normal
PRV54449,1,50,50.0,1740.6793685691955,Normal
PRV54587,3,150,50.0,1740.6793685691955,Normal
PRV55427,1,50,50.0,1740.6793685691955,Normal
PRV55564,3,150,50.0,1740.6793685691955,Normal
PRV55615,1,50,50.0,1740.6793685691955,Normal
PRV55624,2,100,50.0,1740.6793685691955,Normal
PRV55649,2,100,50.0,1740.6793685691955,Normal
PRV55766,6,300,50.0,1740.6793685691955,Normal
PRV55800,1,50,50.0,1740.6793685691955,Normal
PRV56060,1,50,50.0,1740.6793685691955,Normal
PRV56080,5,250,50.0,1740.6793685691955,Normal
PRV56084,1,50,50.0,1740.6793685691955,Normal
PRV56992,2,100,50.0,1740.6793685691955,Normal
PRV57043,1,50,50.0,1740.6793685691955,Normal
PRV55077,8,390,48.75,1740.6793685691955,Normal
PRV54146,5,240,48.0,1740.6793685691955,Normal
PRV51725,4,190,47.5,1740.6793685691955,Normal
PRV53062,4,190,47.5,1740.6793685691955,Normal
PRV54181,4,190,47.5,1740.6793685691955,Normal
PRV53347,6,280,46.666666666666664,1740.6793685691955,Normal
PRV52434,2,90,45.0,1740.6793685691955,Normal
PRV53187,4,180,45.0,1740.6793685691955,Normal
PRV54178,2,90,45.0,1740.6793685691955,Normal
PRV55123,2,90,45.0,1740.6793685691955,Normal
PRV55141,2,90,45.0,1740.6793685691955,Normal
PRV55879,2,90,45.0,1740.6793685691955,Normal
PRV56660,4,180,45.0,1740.6793685691955,Normal
PRV53564,5,220,44.0,1740.6793685691955,Normal
PRV57048,5,220,44.0,1740.6793685691955,Normal
PRV57617,3,130,43.333333333333336,1740.6793685691955,Normal
PRV54310,7,300,42.857142857142854,1740.6793685691955,Normal
PRV51889,4,170,42.5,1740.6793685691955,Normal
PRV53169,4,170,42.5,1740.6793685691955,Normal
PRV54115,4,170,42.5,1740.6793685691955,Normal
PRV57742,8,340,42.5,1740.6793685691955,Normal
PRV53521,9,380,42.22222222222222,1740.6793685691955,Normal
PRV53198,6,250,41.666666666666664,1740.6793685691955,Normal
PRV51703,2,80,40.0,1740.6793685691955,Normal
PRV52200,1,40,40.0,1740.6793685691955,Normal
PRV52482,1,40,40.0,1740.6793685691955,Normal
PRV52695,5,200,40.0,1740.6793685691955,Normal
PRV52741,2,80,40.0,1740.6793685691955,Normal
PRV52769,1,40,40.0,1740.6793685691955,Normal
PRV53678,3,120,40.0,1740.6793685691955,Normal
PRV53899,3,120,40.0,1740.6793685691955,Normal
PRV54009,1,40,40.0,1740.6793685691955,Normal
PRV54199,1,40,40.0,1740.6793685691955,Normal
PRV54466,3,120,40.0,1740.6793685691955,Normal
PRV54549,1,40,40.0,1740.6793685691955,Normal
PRV54856,1,40,40.0,1740.6793685691955,Normal
PRV55538,2,80,40.0,1740.6793685691955,Normal
PRV55607,1,40,40.0,1740.6793685691955,Normal
PRV55648,2,80,40.0,1740.6793685691955,Normal
PRV55744,2,80,40.0,1740.6793685691955,Normal
PRV55767,2,80,40.0,1740.6793685691955,Normal
PRV55778,1,40,40.0,1740.6793685691955,Normal
PRV56050,1,40,40.0,1740.6793685691955,Normal
PRV56056,1,40,40.0,1740.6793685691955,Normal
PRV56201,3,120,40.0,1740.6793685691955,Normal
PRV56524,3,120,40.0,1740.6793685691955,Normal
PRV57063,1,40,40.0,1740.6793685691955,Normal
PRV57452,3,120,40.0,1740.6793685691955,Normal
PRV57464,2,80,40.0,1740.6793685691955,Normal
PRV57467,1,40,40.0,1740.6793685691955,Normal
PRV57564,7,280,40.0,1740.6793685691955,Normal
PRV57724,2,80,40.0,1740.6793685691955,Normal
PRV54140,6,230,38.333333333333336,1740.6793685691955,Normal
PRV57248,6,220,36.666666666666664,1740.6793685691955,Normal
PRV51733,2,70,35.0,1740.6793685691955,Normal
PRV51796,4,140,35.0,1740.6793685691955,Normal
PRV53554,2,70,35.0,1740.6793685691955,Normal
PRV54011,2,70,35.0,1740.6793685691955,Normal
PRV55581,2,70,35.0,1740.6793685691955,Normal
PRV55801,2,70,35.0,1740.6793685691955,Normal
PRV56303,2,70,35.0,1740.6793685691955,Normal
PRV57392,2,70,35.0,1740.6793685691955,Normal
PRV57707,2,70,35.0,1740.6793685691955,Normal
PRV52229,11,370,33.63636363636363,1740.6793685691955,Normal
PRV53182,3,100,33.333333333333336,1740.6793685691955,Normal
PRV54311,3,100,33.333333333333336,1740.6793685691955,Normal
PRV56313,3,100,33.333333333333336,1740.6793685691955,Normal
PRV57696,3,100,33.333333333333336,1740.6793685691955,Normal
PRV52758,4,130,32.5,1740.6793685691955,Normal
PRV57274,4,130,32.5,1740.6793685691955,Normal
PRV54529,5,160,32.0,1740.6793685691955,Normal
PRV51722,1,30,30.0,1740.6793685691955,Normal
PRV52733,1,30,30.0,1740.6793685691955,Normal
PRV52794,1,30,30.0,1740.6793685691955,Normal
PRV52899,1,30,30.0,1740.6793685691955,Normal
PRV53559,2,60,30.0,1740.6793685691955,Normal
PRV53563,2,60,30.0,1740.6793685691955,Normal
PRV54033,1,30,30.0,1740.6793685691955,Normal
PRV55384,1,30,30.0,1740.6793685691955,Normal
PRV55619,2,60,30.0,1740.6793685691955,Normal
PRV55881,1,30,30.0,1740.6793685691955,Normal
PRV56582,1,30,30.0,1740.6793685691955,Normal
PRV51016,6,170,28.333333333333332,1740.6793685691955,Normal
PRV55814,4,110,27.5,1740.6793685691955,Normal
PRV51213,2,50,25.0,1740.6793685691955,Normal
PRV51655,3,70,23.333333333333332,1740.6793685691955,Normal
PRV51707,12,270,22.5,1740.6793685691955,Normal
PRV55776,4,90,22.5,1740.6793685691955,Normal
PRV52453,1,20,20.0,1740.6793685691955,Normal
PRV52494,1,20,20.0,1740.6793685691955,Normal
PRV53655,1,20,20.0,1740.6793685691955,Normal
PRV53734,1,20,20.0,1740.6793685691955,Normal
PRV54711,2,40,20.0,1740.6793685691955,Normal
PRV54866,2,40,20.0,1740.6793685691955,Normal
PRV56047,3,60,20.0,1740.6793685691955,Normal
PRV56168,1,20,20.0,1740.6793685691955,Normal
PRV56677,1,20,20.0,1740.6793685691955,Normal
PRV56926,1,20,20.0,1740.6793685691955,Normal
PRV57402,1,20,20.0,1740.6793685691955,Normal
PRV57659,1,20,20.0,1740.6793685691955,Normal
PRV57670,1,20,20.0,1740.6793685691955,Normal
PRV51987,2,30,15.0,1740.6793685691955,Normal
PRV56919,2,30,15.0,1740.6793685691955,Normal
PRV51592,3,30,10.0,1740.6793685691955,Normal
PRV52221,1,10,10.0,1740.6793685691955,Normal
PRV52443,1,10,10.0,1740.6793685691955,Normal
PRV52754,1,10,10.0,1740.6793685691955,Normal
PRV53083,1,10,10.0,1740.6793685691955,Normal
PRV53588,1,10,10.0,1740.6793685691955,Normal
PRV54053,1,10,10.0,1740.6793685691955,Normal
PRV55074,1,10,10.0,1740.6793685691955,Normal
PRV55572,1,10,10.0,1740.6793685691955,Normal
PRV55577,2,20,10.0,1740.6793685691955,Normal
PRV55802,1,10,10.0,1740.6793685691955,Normal
PRV56089,1,10,10.0,1740.6793685691955,Normal
PRV56331,1,10,10.0,1740.6793685691955,Normal
PRV56373,1,10,10.0,1740.6793685691955,Normal
PRV56891,1,10,10.0,1740.6793685691955,Normal
PRV56969,1,10,10.0,1740.6793685691955,Normal
PRV57286,2,20,10.0,1740.6793685691955,Normal
PRV57738,1,10,10.0,1740.6793685691955,Normal
PRV53646,3,20,6.666666666666667,1740.6793685691955,Normal
PRV53049,2,10,5.0,1740.6793685691955,Normal
PRV56317,2,10,5.0,1740.6793685691955,Normal
PRV51570,1,0,0.0,1740.6793685691955,Normal
PRV52957,1,0,0.0,1740.6793685691955,Normal
PRV53511,1,0,0.0,1740.6793685691955,Normal
PRV53725,1,0,0.0,1740.6793685691955,Normal
PRV53839,1,0,0.0,1740.6793685691955,Normal
PRV53924,1,0,0.0,1740.6793685691955,Normal
PRV54046,1,0,0.0,1740.6793685691955,Normal
PRV54057,1,0,0.0,1740.6793685691955,Normal
PRV54179,1,0,0.0,1740.6793685691955,Normal
PRV55078,1,0,0.0,1740.6793685691955,Normal
PRV55591,1,0,0.0,1740.6793685691955,Normal
PRV56540,1,0,0.0,1740.6793685691955,Normal
PRV56988,1,0,0.0,1740.6793685691955,Normal
PRV57396,1,0,0.0,1740.6793685691955,Normal
PRV57461,1,0,0.0,1740.6793685691955,Normal
